symbol,signal_date,direction,conviction,entry_date,entry,atr,target_2atr,stop_1.75atr,exit_date,exit_price,bars_held,outcome,r_multiple,stock_shares,stock_cost,stock_pnl,stock_ret_pct,opt_iv,opt_entry_prem,opt_exit_prem,opt_contracts,opt_cost,opt_pnl,opt_ret_pct
DIA,2026-07-02,bull,93.1,2026-07-06,526.92,6.09,539.09,516.27,2026-07-10,523.99,5,time,-0.275,23,12119.0,-67.39,-0.56,0.132,7.33,4.88,6,4397.0,-1469.61,-33.42
LLY,2026-07-02,bull,91.4,2026-07-06,1206.27,39.42,1285.12,1137.28,2026-07-10,1186.88,5,time,-0.281,10,12063.0,-193.92,-1.61,0.323,38.77,24.43,1,3877.0,-1433.68,-36.98
LIN,2026-07-02,bull,89.4,2026-07-06,541.94,11.68,565.29,521.5,2026-07-09,521.5,4,loss,-1.0,23,12465.0,-469.93,-3.77,0.222,12.19,3.29,4,4877.0,-3562.25,-73.04
IYT,2026-07-02,bull,89.2,2026-07-06,87.8,1.57,90.94,85.05,2026-07-10,87.92,5,time,0.044,142,12468.0,17.0,0.14,0.242,2.14,1.92,23,4931.0,-507.95,-10.3
KO,2026-07-02,bull,88.9,2026-07-06,83.6,1.62,86.83,80.77,2026-07-10,82.99,5,time,-0.215,149,12457.0,-90.35,-0.73,0.26,2.18,1.59,22,4792.0,-1298.18,-27.09
AMGN,2026-07-02,bull,88.5,2026-07-06,369.54,8.53,386.6,354.61,2026-07-10,361.28,5,time,-0.554,33,12195.0,-272.64,-2.24,0.283,10.46,5.37,4,4183.0,-2035.67,-48.66
RSP,2026-07-02,bull,88.2,2026-07-06,215.04,2.45,219.94,210.75,2026-07-10,214.3,5,time,-0.173,58,12472.0,-42.92,-0.34,0.136,3.07,2.28,16,4916.0,-1274.96,-25.93
IYR,2026-07-02,bull,84.5,2026-07-06,103.31,1.49,106.29,100.71,2026-07-10,102.56,5,time,-0.29,120,12398.0,-90.53,-0.73,0.192,2.02,1.38,24,4859.0,-1539.68,-31.69
UPS,2026-07-02,bull,82.7,2026-07-06,109.03,2.79,114.61,104.15,2026-07-10,110.7,5,time,0.343,114,12430.0,190.76,1.53,0.35,3.78,4.24,13,4919.0,587.65,11.95
TSLA,2026-07-02,bear,20.3,2026-07-06,397.5,19.62,358.27,431.83,2026-07-10,407.76,5,time,-0.299,31,12322.0,-318.06,-2.58,0.67,24.93,17.41,2,4986.0,-1504.51,-30.17
RSP,2026-07-06,bull,88.2,2026-07-07,215.81,2.37,220.55,211.66,2026-07-08,211.66,2,loss,-1.0,57,12301.0,-236.49,-1.92,0.124,2.83,1.0,17,4809.0,-3102.5,-64.51
LIN,2026-07-06,bull,87.5,2026-07-07,545.19,11.95,569.1,524.28,2026-07-09,524.28,3,loss,-1.0,22,11994.0,-460.1,-3.84,0.224,12.34,3.51,4,4936.0,-3531.7,-71.55
UPS,2026-07-06,bull,81.9,2026-07-07,108.98,2.72,114.41,104.23,2026-07-13,111.12,5,time,0.449,114,12424.0,243.5,1.96,0.351,3.79,4.52,13,4922.0,958.43,19.47
DIS,2026-07-06,bear,20.8,2026-07-07,98.14,2.37,93.39,102.3,2026-07-13,96.0,5,time,0.515,127,12464.0,271.78,2.18,0.277,2.47,3.35,20,4948.0,1755.61,35.48
KO,2026-07-07,bull,87.9,2026-07-08,83.67,1.74,87.14,80.63,2026-07-14,82.59,5,time,-0.357,149,12467.0,-161.45,-1.29,0.24,2.03,1.24,24,4863.0,-1876.6,-38.59
PM,2026-07-07,bull,87.7,2026-07-08,187.29,4.89,197.07,178.73,2026-07-10,178.73,3,loss,-1.0,66,12361.0,-564.88,-4.57,0.278,5.21,1.55,9,4692.0,-3295.81,-70.24
RSP,2026-07-07,bull,87.1,2026-07-08,213.54,2.33,218.21,209.45,2026-07-14,213.45,5,time,-0.022,58,12385.0,-5.22,-0.04,0.133,2.98,2.52,16,4770.0,-730.9,-15.32
LIN,2026-07-07,bull,86.3,2026-07-08,534.36,12.01,558.39,513.34,2026-07-14,520.82,5,time,-0.644,23,12290.0,-311.32,-2.53,0.232,12.53,5.16,3,3760.0,-2212.45,-58.84
BA,2026-07-07,bull,85.9,2026-07-08,227.0,6.84,240.68,215.03,2026-07-14,217.11,5,time,-0.826,55,12485.0,-543.95,-4.36,0.383,8.59,3.34,5,4294.0,-2622.56,-61.08
IYR,2026-07-07,bull,85.5,2026-07-08,103.6,1.5,106.61,100.97,2026-07-14,102.83,5,time,-0.295,120,12432.0,-92.91,-0.75,0.197,2.08,1.43,23,4795.0,-1515.38,-31.6
XLP,2026-07-07,bull,84.0,2026-07-08,85.17,1.31,87.79,82.88,2026-07-14,83.42,5,time,-0.763,146,12435.0,-255.5,-2.05,0.181,1.58,0.63,31,4893.0,-2936.4,-60.01
UPS,2026-07-07,bull,83.2,2026-07-08,109.78,2.7,115.18,105.06,2026-07-14,111.89,5,time,0.446,113,12405.0,238.02,1.92,0.356,3.87,4.58,12,4647.0,846.48,18.22
PM,2026-07-08,bull,86.8,2026-07-09,186.58,4.81,196.2,178.17,2026-07-14,178.17,4,loss,-1.0,66,12314.0,-555.3,-4.51,0.302,5.62,1.76,8,4497.0,-3085.35,-68.62
KO,2026-07-08,bull,85.9,2026-07-09,81.6,1.72,85.05,78.59,2026-07-15,81.96,5,time,0.119,153,12485.0,54.75,0.44,0.232,1.91,1.85,26,4971.0,-155.28,-3.12
TSLA,2026-07-08,bear,20.5,2026-07-09,393.99,19.6,354.8,428.28,2026-07-15,394.46,5,time,-0.014,31,12214.0,-14.57,-0.12,0.624,23.01,19.93,2,4602.0,-616.06,-13.39
DIS,2026-07-08,bear,20.5,2026-07-09,96.34,2.26,91.82,100.3,2026-07-15,97.15,5,time,-0.205,129,12428.0,-104.49,-0.84,0.276,2.42,1.77,20,4849.0,-1313.07,-27.08
SBUX,2026-07-09,bull,84.9,2026-07-10,105.69,2.76,111.22,100.86,2026-07-16,107.75,5,time,0.426,118,12472.0,242.86,1.95,0.24,2.56,3.46,19,4866.0,1700.55,34.95
DIS,2026-07-09,bear,20.0,2026-07-10,96.89,2.24,92.42,100.8,2026-07-16,99.71,5,time,-0.72,129,12499.0,-363.78,-2.91,0.276,2.43,1.07,20,4870.0,-2729.52,-56.05
UPS,2026-07-10,bull,86.0,2026-07-13,111.27,2.84,116.96,106.29,2026-07-17,115.87,5,time,0.925,112,12462.0,515.93,4.14,0.266,2.96,5.62,16,4741.0,4257.52,89.8
SBUX,2026-07-10,bull,84.2,2026-07-13,105.73,2.71,111.15,100.99,2026-07-17,104.89,5,time,-0.178,118,12476.0,-99.73,-0.8,0.213,2.29,1.57,21,4799.0,-1509.89,-31.46
DIS,2026-07-10,bear,19.3,2026-07-13,96.1,2.19,91.73,99.93,2026-07-17,97.67,5,time,-0.41,130,12493.0,-204.1,-1.63,0.268,2.34,1.4,21,4918.0,-1976.48,-40.19
KO,2026-07-13,bull,88.9,2026-07-14,83.67,1.66,86.98,80.77,2026-07-17,80.77,4,loss,-1.0,149,12467.0,-432.0,-3.47,0.217,1.84,0.54,27,4970.0,-3511.63,-70.65
UPS,2026-07-13,bull,85.8,2026-07-14,111.6,2.75,117.1,106.79,2026-07-20,111.37,5,time,-0.047,112,12499.0,-25.35,-0.2,0.265,2.96,2.45,16,4742.0,-814.03,-17.17
SBUX,2026-07-13,bull,85.1,2026-07-14,107.0,2.68,112.35,102.31,2026-07-20,104.21,5,time,-0.594,116,12411.0,-322.95,-2.6,0.217,2.36,0.89,21,4947.0,-3070.82,-62.07
TSLA,2026-07-13,bear,21.1,2026-07-14,399.05,18.59,361.86,431.59,2026-07-20,369.57,5,time,0.906,31,12371.0,913.88,7.39,0.594,22.15,36.75,2,4430.0,2919.21,65.9
JPM,2026-07-14,bull,92.9,2026-07-15,345.85,7.7,361.26,332.37,2026-07-21,345.23,5,time,-0.046,36,12451.0,-22.32,-0.18,0.25,8.71,7.23,5,4354.0,-737.29,-16.93
UPS,2026-07-14,bull,86.0,2026-07-15,112.34,2.74,117.83,107.54,2026-07-21,114.51,5,time,0.453,111,12470.0,241.46,1.94,0.266,3.0,3.89,16,4796.0,1427.43,29.76
TSLA,2026-07-14,bear,20.9,2026-07-15,399.4,17.8,363.8,430.55,2026-07-21,378.93,5,time,0.657,31,12381.0,634.57,5.13,0.592,22.1,30.66,2,4420.0,1713.0,38.76
LOW,2026-07-14,bear,18.7,2026-07-15,206.49,5.89,194.71,216.81,2026-07-17,216.81,3,loss,-1.0,60,12390.0,-618.84,-4.99,0.313,5.92,1.99,8,4738.0,-3148.41,-66.46
PEP,2026-07-14,bear,15.9,2026-07-15,133.66,3.67,126.32,140.09,2026-07-17,140.09,3,loss,-1.0,93,12431.0,-597.79,-4.81,0.299,3.65,1.21,13,4748.0,-3175.55,-66.88
JPM,2026-07-15,bull,93.3,2026-07-16,349.28,7.75,364.78,335.72,2026-07-17,335.72,2,loss,-1.0,35,12225.0,-474.69,-3.88,0.226,7.97,2.41,6,4783.0,-3338.32,-69.79
TGT,2026-07-15,bull,81.6,2026-07-16,138.93,4.18,147.28,131.63,2026-07-22,136.87,5,time,-0.283,89,12365.0,-183.71,-1.49,0.42,5.75,3.99,8,4601.0,-1411.74,-30.68
TSLA,2026-07-15,bear,20.7,2026-07-16,392.35,17.66,357.02,423.26,2026-07-22,374.01,5,time,0.593,31,12163.0,568.54,4.67,0.591,21.64,28.96,2,4329.0,1463.01,33.8
LOW,2026-07-15,bear,18.9,2026-07-16,208.31,5.8,196.71,218.47,2026-07-17,218.47,2,loss,-1.0,60,12499.0,-609.29,-4.87,0.327,6.26,2.4,7,4381.0,-2701.39,-61.66
PEP,2026-07-15,bear,15.5,2026-07-16,135.59,3.58,128.44,141.85,2026-07-22,134.22,5,time,0.22,92,12474.0,126.53,1.01,0.321,4.0,4.2,12,4794.0,248.2,5.18
SBUX,2026-07-16,bull,88.6,2026-07-17,108.33,2.72,113.78,103.56,2026-07-20,103.56,2,loss,-1.0,115,12458.0,-548.37,-4.4,0.249,2.71,0.78,18,4881.0,-3471.97,-71.14
IYR,2026-07-16,bull,88.2,2026-07-17,105.84,1.49,108.81,103.23,2026-07-23,103.94,5,time,-0.728,118,12489.0,-223.72,-1.79,0.163,1.78,0.74,28,4995.0,-2931.95,-58.69
KO,2026-07-16,bull,88.0,2026-07-17,84.86,1.67,88.2,81.95,2026-07-17,81.95,1,loss,-1.0,147,12475.0,-428.97,-3.44,0.278,2.36,1.07,21,4950.0,-2710.83,-54.77
PM,2026-07-16,bull,86.0,2026-07-17,191.99,5.27,202.54,182.76,2026-07-23,191.12,5,time,-0.094,65,12479.0,-56.55,-0.45,0.335,6.39,5.11,7,4474.0,-897.98,-20.07
XLP,2026-07-16,bull,84.9,2026-07-17,86.79,1.36,89.51,84.41,2026-07-21,84.41,3,loss,-1.0,144,12498.0,-342.22,-2.74,0.194,1.72,0.62,29,4975.0,-3166.06,-63.64
CL,2026-07-16,bull,84.7,2026-07-17,94.14,2.18,98.5,90.32,2026-07-21,90.32,3,loss,-1.0,132,12427.0,-503.69,-4.05,0.272,2.57,0.87,19,4876.0,-3231.6,-66.28
XLY,2026-07-16,bull,81.2,2026-07-17,115.91,2.04,119.98,112.35,2026-07-23,112.35,5,loss,-1.0,107,12402.0,-381.09,-3.07,0.193,2.28,0.63,21,4786.0,-3469.99,-72.51
TSLA,2026-07-16,bear,20.0,2026-07-17,381.78,17.12,347.55,411.73,2026-07-23,347.55,5,win,1.143,32,12217.0,1095.44,8.97,0.593,21.16,39.53,2,4233.0,3673.11,86.78
GDXJ,2026-07-16,bear,15.9,2026-07-17,90.98,4.81,81.37,99.39,2026-07-22,99.39,4,loss,-1.0,137,12464.0,-1152.29,-9.24,0.472,3.99,1.0,12,4793.0,-3598.39,-75.08
GDX,2026-07-16,bear,15.1,2026-07-17,70.4,3.25,63.91,76.08,2026-07-22,76.08,4,loss,-1.0,177,12461.0,-1005.33,-8.07,0.397,2.59,0.6,19,4912.0,-3777.98,-76.92
NEM,2026-07-16,bear,15.0,2026-07-17,89.66,3.87,81.93,96.43,2026-07-22,96.43,4,loss,-1.0,139,12463.0,-940.91,-7.55,0.362,2.99,0.66,16,4788.0,-3738.72,-78.09
IYR,2026-07-17,bull,88.2,2026-07-20,104.99,1.51,108.01,102.35,2026-07-24,106.21,5,time,0.463,119,12494.0,145.29,1.16,0.165,1.79,2.27,27,4823.0,1306.69,27.09
PM,2026-07-17,bull,87.7,2026-07-20,192.8,5.24,203.27,183.64,2026-07-24,193.0,5,time,0.022,64,12339.0,12.8,0.1,0.334,6.39,5.66,7,4476.0,-512.65,-11.45
XLRE,2026-07-17,bull,85.7,2026-07-20,45.33,0.65,46.64,44.19,2026-07-24,45.95,5,time,0.539,275,12467.0,169.13,1.36,0.168,0.78,1.05,63,4939.0,1670.11,33.82
LOW,2026-07-17,bear,19.1,2026-07-20,208.27,6.3,195.66,219.31,2026-07-24,207.64,5,time,0.057,60,12496.0,37.97,0.3,0.325,6.21,5.76,8,4971.0,-362.85,-7.3
TSLA,2026-07-17,bear,18.0,2026-07-20,386.05,16.88,352.29,415.59,2026-07-23,352.29,4,win,1.143,32,12354.0,1080.47,8.75,0.6,21.63,39.89,2,4325.0,3652.24,84.44
PEP,2026-07-17,bear,16.6,2026-07-20,136.12,3.78,128.56,142.73,2026-07-24,135.2,5,time,0.139,91,12387.0,83.74,0.68,0.309,3.85,3.84,12,4624.0,-16.48,-0.36
GDXJ,2026-07-17,bear,15.8,2026-07-20,92.07,4.71,82.65,100.31,2026-07-22,100.31,3,loss,-1.0,135,12429.0,-1112.24,-8.95,0.469,4.01,1.11,12,4816.0,-3480.48,-72.27
GDX,2026-07-17,bear,14.9,2026-07-20,71.14,3.17,64.8,76.69,2026-07-22,76.69,3,loss,-1.0,175,12449.0,-970.66,-7.8,0.394,2.59,0.67,19,4920.0,-3650.18,-74.19
NEM,2026-07-17,bear,14.4,2026-07-20,89.91,3.75,82.42,96.47,2026-07-22,96.47,3,loss,-1.0,139,12498.0,-911.58,-7.29,0.36,2.99,0.74,16,4777.0,-3594.99,-75.26
DIS,2026-07-20,bear,22.6,2026-07-21,96.0,2.21,91.57,99.87,2026-07-27,96.65,5,time,-0.168,130,12480.0,-84.5,-0.68,0.267,2.34,1.76,21,4907.0,-1211.76,-24.7
NFLX,2026-07-20,bear,18.2,2026-07-21,67.42,2.79,61.84,72.3,2026-07-27,70.4,5,time,-0.611,185,12473.0,-551.3,-4.42,0.434,2.71,1.24,18,4883.0,-2645.95,-54.19
PEP,2026-07-20,bear,15.9,2026-07-21,133.47,3.77,125.94,140.07,2026-07-27,138.31,5,time,-0.734,93,12413.0,-449.96,-3.62,0.308,3.77,1.52,13,4895.0,-2917.42,-59.6
TSLA,2026-07-20,bear,15.7,2026-07-21,371.17,16.9,337.38,400.74,2026-07-23,337.38,3,win,1.143,33,12249.0,1115.09,9.1,0.606,21.03,39.87,2,4205.0,3768.69,89.62
JPM,2026-07-21,bull,91.4,2026-07-22,345.07,7.97,361.02,331.11,2026-07-28,357.31,5,time,0.877,36,12423.0,440.64,3.55,0.206,7.24,14.56,6,4345.0,4388.85,101.01
DIS,2026-07-21,bear,22.4,2026-07-22,97.12,2.13,92.86,100.84,2026-07-23,92.86,2,win,1.143,128,12431.0,544.82,4.38,0.263,2.32,4.84,21,4874.0,5285.97,108.46
XLY,2026-07-21,bear,18.8,2026-07-22,114.9,1.94,111.02,118.29,2026-07-23,111.02,2,win,1.143,108,12409.0,418.85,3.38,0.175,1.78,4.16,28,4983.0,6656.0,133.58
NFLX,2026-07-21,bear,18.5,2026-07-22,69.37,2.73,63.9,74.15,2026-07-28,72.39,5,time,-0.631,180,12487.0,-543.6,-4.35,0.434,2.79,1.29,17,4744.0,-2547.92,-53.71
MCD,2026-07-21,bear,17.1,2026-07-22,263.82,5.98,251.86,274.3,2026-07-28,274.3,5,loss,-1.0,47,12400.0,-492.25,-3.97,0.282,6.8,2.31,7,4757.0,-3143.13,-66.07
TSLA,2026-07-21,bear,16.3,2026-07-22,375.53,16.73,342.07,404.81,2026-07-23,342.07,2,win,1.143,33,12392.0,1104.3,8.91,0.57,19.99,39.27,2,3998.0,3855.89,96.45
PEP,2026-07-21,bear,15.5,2026-07-22,134.92,3.58,127.75,141.19,2026-07-28,141.19,5,loss,-1.0,92,12413.0,-576.98,-4.65,0.306,3.78,1.18,13,4916.0,-3379.31,-68.74
JPM,2026-07-22,bull,91.4,2026-07-23,346.58,7.75,362.08,333.02,2026-07-29,344.71,5,time,-0.138,36,12477.0,-67.32,-0.54,0.206,7.26,5.35,6,4355.0,-1144.12,-26.27
PM,2026-07-22,bull,89.8,2026-07-23,191.95,5.64,203.23,182.08,2026-07-28,203.23,4,win,1.143,65,12477.0,733.26,5.88,0.337,6.42,13.35,7,4497.0,4850.25,107.85
MRK,2026-07-22,bull,81.0,2026-07-23,127.07,3.5,134.07,120.94,2026-07-28,134.07,4,win,1.143,98,12453.0,686.11,5.51,0.342,4.32,8.51,11,4748.0,4615.9,97.21
DIS,2026-07-22,bear,22.1,2026-07-23,94.81,2.1,90.62,98.48,2026-07-28,98.48,4,loss,-1.0,131,12420.0,-480.68,-3.87,0.273,2.36,0.84,21,4955.0,-3183.52,-64.25
XLY,2026-07-22,bear,17.7,2026-07-23,110.48,1.9,106.68,113.81,2026-07-29,111.61,5,time,-0.34,113,12484.0,-127.69,-1.02,0.237,2.37,1.59,21,4977.0,-1631.37,-32.78
MCD,2026-07-22,bear,16.7,2026-07-23,259.73,5.85,248.03,269.98,2026-07-28,269.98,4,loss,-1.0,48,12467.0,-491.59,-3.94,0.28,6.63,2.39,7,4644.0,-2970.97,-63.98
TSLA,2026-07-22,bear,15.6,2026-07-23,341.0,16.06,308.89,369.1,2026-07-24,308.89,2,win,1.143,36,12276.0,1156.03,9.42,0.795,25.44,42.36,1,2544.0,1692.18,66.52
JPM,2026-07-23,bull,91.3,2026-07-24,350.64,7.52,365.67,337.49,2026-07-30,350.85,5,time,0.016,35,12272.0,7.35,0.06,0.207,7.38,6.51,6,4431.0,-525.38,-11.86
AMGN,2026-07-23,bull,86.3,2026-07-24,370.56,8.88,388.32,355.03,2026-07-28,388.32,3,win,1.143,33,12229.0,585.97,4.79,0.237,8.84,20.43,5,4422.0,5792.45,130.99
MRK,2026-07-23,bull,82.8,2026-07-24,130.67,3.51,137.68,124.53,2026-07-30,129.03,5,time,-0.267,95,12414.0,-155.83,-1.26,0.316,4.11,2.77,12,4928.0,-1604.8,-32.56
DIS,2026-07-23,bear,19.6,2026-07-24,93.26,2.19,88.88,97.09,2026-07-27,97.09,2,loss,-1.0,134,12497.0,-513.1,-4.11,0.268,2.27,0.84,21,4775.0,-3017.57,-63.19
MCD,2026-07-23,bear,16.2,2026-07-24,261.93,5.65,250.62,271.82,2026-07-28,271.82,3,loss,-1.0,47,12311.0,-464.94,-3.78,0.254,6.03,2.16,8,4823.0,-3096.03,-64.19
PEP,2026-07-23,bear,15.6,2026-07-24,134.1,3.34,127.43,139.94,2026-07-28,139.94,3,loss,-1.0,93,12471.0,-542.93,-4.35,0.304,3.73,1.4,13,4844.0,-3023.06,-62.41
XLY,2026-07-23,bear,14.2,2026-07-24,109.1,2.18,104.75,112.91,2026-07-29,112.91,4,loss,-1.0,114,12437.0,-433.99,-3.49,0.235,2.31,0.78,21,4856.0,-3221.62,-66.34
ABBV,2026-07-24,bull,91.4,2026-07-27,259.0,5.92,270.83,248.65,2026-07-31,248.65,5,loss,-1.0,48,12432.0,-497.03,-4.0,0.258,6.7,1.88,7,4689.0,-3371.82,-71.91
IYR,2026-07-24,bull,90.8,2026-07-27,105.95,1.46,108.88,103.39,2026-07-31,104.32,5,time,-0.64,117,12397.0,-191.63,-1.55,0.168,1.83,0.86,27,4951.0,-2618.99,-52.89
XLRE,2026-07-24,bull,88.7,2026-07-27,45.85,0.64,47.13,44.74,2026-07-31,45.07,5,time,-0.706,272,12473.0,-213.52,-1.71,0.169,0.8,0.35,62,4941.0,-2770.37,-56.07
DE,2026-07-24,bull,87.5,2026-07-27,627.71,17.47,662.64,597.14,2026-07-30,597.14,4,loss,-1.0,19,11926.0,-580.74,-4.87,0.306,19.12,5.51,2,3824.0,-2722.05,-71.18
AMGN,2026-07-24,bull,87.1,2026-07-27,376.35,8.81,393.97,360.93,2026-07-28,393.97,2,win,1.143,33,12420.0,581.41,4.68,0.232,8.82,20.48,5,4412.0,5830.05,132.14
JNJ,2026-07-24,bull,84.5,2026-07-27,261.26,5.96,273.18,250.83,2026-07-28,273.18,2,win,1.143,47,12279.0,560.12,4.56,0.279,7.3,14.79,6,4377.0,4494.21,102.67
MRK,2026-07-24,bull,83.1,2026-07-27,130.24,3.36,136.96,124.36,2026-07-31,129.44,5,time,-0.137,95,12373.0,-76.5,-0.62,0.304,3.95,3.02,12,4737.0,-1110.8,-23.45
DIS,2026-07-24,bear,20.6,2026-07-27,95.51,2.28,90.95,99.5,2026-07-31,96.19,5,time,-0.171,130,12416.0,-88.4,-0.71,0.276,2.4,1.8,20,4799.0,-1196.71,-24.93
V,2026-07-27,bull,90.6,2026-07-28,364.38,7.95,380.28,350.47,2026-08-03,364.99,5,time,0.044,34,12389.0,20.7,0.17,0.244,8.95,8.08,5,4473.0,-431.35,-9.64
HON,2026-07-27,bull,90.0,2026-07-28,249.05,7.9,264.85,235.23,2026-08-03,246.03,5,time,-0.218,50,12453.0,-151.05,-1.21,0.313,7.76,5.27,6,4657.0,-1495.29,-32.11
IYR,2026-07-27,bull,89.0,2026-07-28,107.05,1.46,109.97,104.49,2026-07-30,104.49,3,loss,-1.0,116,12417.0,-296.87,-2.39,0.167,1.84,0.67,27,4979.0,-3180.96,-63.89
XLRE,2026-07-27,bull,87.3,2026-07-28,46.17,0.63,47.43,45.07,2026-07-30,45.07,3,loss,-1.0,270,12466.0,-297.75,-2.39,0.167,0.79,0.29,62,4928.0,-3147.91,-63.88
AMGN,2026-07-27,bull,87.2,2026-07-28,381.02,9.01,399.05,365.25,2026-08-03,376.67,5,time,-0.276,32,12193.0,-139.35,-1.14,0.275,10.48,6.99,4,4192.0,-1397.57,-33.34
JNJ,2026-07-27,bull,85.5,2026-07-28,268.67,6.32,281.32,257.61,2026-07-30,257.61,3,loss,-1.0,46,12359.0,-508.89,-4.12,0.275,7.4,2.48,6,4439.0,-2951.94,-66.51
MRK,2026-07-27,bull,83.1,2026-07-28,132.1,3.4,138.9,126.15,2026-08-03,126.15,5,loss,-1.0,94,12417.0,-559.66,-4.51,0.305,4.01,1.19,12,4814.0,-3387.73,-70.37
ABBV,2026-07-28,bull,92.4,2026-07-29,264.21,6.34,276.88,253.12,2026-07-31,253.12,3,loss,-1.0,47,12418.0,-521.06,-4.2,0.266,7.05,2.22,7,4937.0,-3381.8,-68.49
V,2026-07-28,bull,90.8,2026-07-29,356.34,7.55,371.43,343.13,2026-07-29,371.43,1,win,1.143,35,12472.0,528.33,4.24,0.244,8.75,18.57,5,4376.0,4909.01,112.17
XLV,2026-07-28,bull,90.6,2026-07-29,167.15,2.77,172.7,162.3,2026-07-30,162.3,2,loss,-1.0,74,12369.0,-359.1,-2.9,0.203,3.45,1.3,14,4824.0,-2997.32,-62.13
AMGN,2026-07-28,bull,90.4,2026-07-29,392.73,9.92,412.58,375.37,2026-08-03,375.37,4,loss,-1.0,31,12175.0,-538.34,-4.42,0.282,11.09,3.28,4,4434.0,-3120.48,-70.37
HON,2026-07-28,bull,90.0,2026-07-29,244.71,7.78,260.27,231.09,2026-08-04,248.05,5,time,0.245,51,12480.0,170.34,1.36,0.32,7.8,8.66,6,4678.0,517.6,11.07
IYR,2026-07-28,bull,89.8,2026-07-29,106.42,1.47,109.36,103.85,2026-07-31,103.85,3,loss,-1.0,117,12451.0,-300.49,-2.41,0.152,1.68,0.54,29,4862.0,-3302.97,-67.93
KO,2026-07-28,bull,89.2,2026-07-29,88.12,2.0,92.13,84.62,2026-08-04,86.05,5,time,-0.592,141,12426.0,-292.94,-2.36,0.317,2.78,1.47,18,4997.0,-2351.66,-47.06
XLRE,2026-07-28,bull,88.1,2026-07-29,46.04,0.63,47.31,44.93,2026-07-30,44.93,2,loss,-1.0,271,12478.0,-301.05,-2.41,0.147,0.71,0.23,70,4949.0,-3314.25,-66.97
XLP,2026-07-28,bull,86.6,2026-07-29,86.34,1.59,89.52,83.56,2026-08-04,85.37,5,time,-0.349,144,12433.0,-139.68,-1.12,0.197,1.73,1.04,28,4850.0,-1931.59,-39.83
JNJ,2026-07-28,bull,86.5,2026-07-29,267.18,6.27,279.73,256.21,2026-07-30,256.21,2,loss,-1.0,46,12290.0,-504.88,-4.11,0.267,7.14,2.46,7,4999.0,-3278.87,-65.59
MDLZ,2026-07-28,bull,84.8,2026-07-29,63.79,1.56,66.91,61.06,2026-08-04,61.06,5,loss,-1.0,195,12439.0,-533.18,-4.29,0.331,2.1,0.72,23,4824.0,-3161.5,-65.54
MRK,2026-07-28,bull,83.1,2026-07-29,131.59,3.34,138.28,125.74,2026-08-04,125.74,5,loss,-1.0,94,12370.0,-549.79,-4.44,0.307,4.02,1.22,12,4823.0,-3358.43,-69.63
KO,2026-07-29,bull,92.0,2026-07-30,87.11,2.05,91.21,83.52,2026-08-05,86.31,5,time,-0.222,143,12457.0,-113.72,-0.91,0.319,2.76,2.0,18,4972.0,-1364.37,-27.44
ABBV,2026-07-29,bull,91.3,2026-07-30,258.38,6.07,270.51,247.76,2026-07-31,247.76,2,loss,-1.0,48,12402.0,-509.65,-4.11,0.281,7.25,2.64,6,4351.0,-2767.91,-63.61
V,2026-07-29,bull,90.8,2026-07-30,364.32,8.33,380.98,349.75,2026-08-05,367.86,5,time,0.242,34,12387.0,120.14,0.97,0.235,8.65,9.49,5,4323.0,422.11,9.76
XLV,2026-07-29,bull,89.6,2026-07-30,163.25,2.75,168.74,158.45,2026-08-05,164.16,5,time,0.189,76,12407.0,69.16,0.56,0.213,3.52,3.56,14,4935.0,42.92,0.87
MDLZ,2026-07-29,bull,88.7,2026-07-30,63.86,1.75,67.36,60.8,2026-08-04,60.8,4,loss,-1.0,195,12453.0,-596.74,-4.79,0.345,2.19,0.74,22,4809.0,-3177.48,-66.08
AMGN,2026-07-29,bull,88.6,2026-07-30,377.54,9.79,397.12,360.42,2026-08-05,397.12,5,win,1.143,33,12459.0,645.93,5.18,0.282,10.64,22.62,4,4256.0,4793.86,112.64
XLP,2026-07-29,bull,87.9,2026-07-30,86.0,1.51,89.03,83.35,2026-08-05,85.33,5,time,-0.253,145,12470.0,-97.15,-0.78,0.215,1.87,1.3,26,4874.0,-1505.48,-30.89
ABNB,2026-07-29,bull,87.5,2026-07-30,151.5,4.53,160.56,143.57,2026-08-05,152.49,5,time,0.125,82,12423.0,81.18,0.65,0.336,5.05,4.92,9,4542.0,-111.25,-2.45
JNJ,2026-07-29,bull,85.3,2026-07-30,257.76,6.15,270.06,247.0,2026-08-05,256.33,5,time,-0.133,48,12372.0,-68.78,-0.56,0.301,7.74,6.0,6,4646.0,-1046.77,-22.53
AMGN,2026-07-30,bull,88.2,2026-07-31,379.78,9.82,399.41,362.6,2026-08-05,399.41,4,win,1.143,32,12153.0,628.27,5.17,0.258,9.84,22.41,5,4920.0,6284.6,127.74
ABNB,2026-07-30,bull,87.0,2026-07-31,150.84,4.45,159.74,143.05,2026-08-06,151.64,5,time,0.103,82,12369.0,65.6,0.53,0.334,5.01,4.78,9,4505.0,-201.71,-4.48
MDLZ,2026-07-30,bull,84.7,2026-07-31,62.45,1.8,66.06,59.29,2026-08-06,62.75,5,time,0.095,200,12490.0,60.0,0.48,0.338,2.1,1.98,23,4820.0,-260.01,-5.39
APD,2026-07-30,bull,83.2,2026-07-31,299.57,7.7,314.96,286.1,2026-08-06,299.92,5,time,0.026,41,12282.0,14.35,0.12,0.205,6.24,5.6,8,4995.0,-518.95,-10.39
PLTR,2026-07-30,bear,22.4,2026-07-31,122.29,6.72,108.86,134.04,2026-08-04,134.04,3,loss,-1.0,102,12474.0,-1198.93,-9.61,0.472,5.37,1.36,9,4831.0,-3608.53,-74.7
TMUS,2026-07-30,bear,21.4,2026-07-31,170.52,7.44,155.63,183.54,2026-08-06,178.94,5,time,-0.647,73,12448.0,-614.76,-4.94,0.559,8.89,4.51,5,4445.0,-2192.32,-49.32
ABNB,2026-07-31,bull,86.1,2026-08-03,153.34,4.35,162.04,145.73,2026-08-07,162.04,5,win,1.143,81,12421.0,704.6,5.67,0.333,5.07,10.27,9,4567.0,4673.11,102.32
TMUS,2026-07-31,bear,20.1,2026-08-03,174.18,7.19,159.81,186.76,2026-08-07,176.17,5,time,-0.158,71,12367.0,-141.18,-1.14,0.56,9.09,7.07,5,4547.0,-1012.83,-22.27
SNOW,2026-08-03,bull,91.3,2026-08-04,305.0,14.67,334.33,279.34,2026-08-10,334.33,5,win,1.143,40,12200.0,1173.26,9.62,0.375,11.31,31.33,4,4526.0,8006.97,176.92
ABNB,2026-08-03,bull,85.0,2026-08-04,149.75,4.36,158.48,142.11,2026-08-07,158.48,4,win,1.143,83,12429.0,724.42,5.83,0.333,4.95,10.32,10,4950.0,5367.82,108.44
TMUS,2026-08-03,bear,20.4,2026-08-04,174.21,7.04,160.13,186.54,2026-08-10,177.18,5,time,-0.24,71,12369.0,-210.36,-1.7,0.556,9.04,6.61,5,4518.0,-1214.88,-26.89
V,2026-08-04,bull,92.0,2026-08-05,371.61,8.36,388.33,356.98,2026-08-11,362.82,5,time,-0.601,33,12263.0,-290.06,-2.37,0.189,7.17,2.62,6,4303.0,-2733.47,-63.53
XLF,2026-08-04,bull,91.5,2026-08-05,58.18,0.72,59.61,56.93,2026-08-11,57.8,5,time,-0.304,214,12451.0,-81.32,-0.65,0.112,0.7,0.42,71,4952.0,-1986.9,-40.12
RSP,2026-08-04,bull,88.7,2026-08-05,220.82,2.33,225.48,216.74,2026-08-11,220.69,5,time,-0.032,56,12366.0,-7.28,-0.06,0.106,2.52,2.1,19,4782.0,-800.01,-16.73
SCHW,2026-08-05,bull,94.5,2026-08-06,108.28,2.23,112.75,104.38,2026-08-12,109.02,5,time,0.189,115,12453.0,84.85,0.68,0.194,2.15,2.27,23,4941.0,287.38,5.82
JPM,2026-08-05,bull,91.4,2026-08-06,362.81,7.26,377.33,350.11,2026-08-12,365.18,5,time,0.187,34,12336.0,80.58,0.65,0.209,7.72,8.01,6,4632.0,171.08,3.69
XLI,2026-08-05,bull,85.5,2026-08-06,186.7,3.15,192.99,181.19,2026-08-12,185.88,5,time,-0.149,66,12322.0,-54.12,-0.44,0.179,3.43,2.56,14,4806.0,-1225.83,-25.51
XLI,2026-08-06,bull,83.8,2026-08-07,185.45,3.13,191.72,179.97,2026-08-13,185.79,5,time,0.062,67,12425.0,22.78,0.18,0.179,3.4,3.13,14,4764.0,-385.78,-8.1
DE,2026-08-07,bull,84.8,2026-08-10,621.12,17.69,656.5,590.16,2026-08-14,608.85,5,time,-0.396,20,12422.0,-245.4,-1.98,0.31,19.19,10.98,2,3838.0,-1642.01,-42.78
APD,2026-08-07,bull,84.6,2026-08-10,303.99,7.38,318.74,291.08,2026-08-14,308.97,5,time,0.386,41,12464.0,204.18,1.64,0.187,5.81,8.06,8,4650.0,1797.43,38.65
XLI,2026-08-07,bull,83.5,2026-08-10,185.93,3.04,192.02,180.6,2026-08-14,186.51,5,time,0.109,67,12457.0,38.86,0.31,0.176,3.36,3.23,14,4707.0,-192.28,-4.08
XLV,2026-08-10,bull,89.4,2026-08-11,168.28,2.91,174.1,163.19,2026-08-17,167.05,5,time,-0.242,74,12453.0,-91.02,-0.73,0.169,2.92,1.93,17,4972.0,-1690.04,-33.99
CVX,2026-08-10,bull,86.2,2026-08-11,192.57,4.66,201.89,184.41,2026-08-17,201.89,5,win,1.143,64,12324.0,596.75,4.84,0.278,5.36,10.96,9,4825.0,5040.82,104.47
APD,2026-08-10,bull,86.1,2026-08-11,307.98,7.34,322.66,295.13,2026-08-17,300.86,5,time,-0.554,40,12319.0,-284.8,-2.31,0.184,5.79,2.11,8,4635.0,-2950.41,-63.66
JPM,2026-08-11,bull,91.2,2026-08-12,362.97,6.74,376.45,351.17,2026-08-18,363.25,5,time,0.024,34,12341.0,9.52,0.08,0.191,7.07,6.27,7,4947.0,-559.74,-11.32
XLV,2026-08-11,bull,88.6,2026-08-12,166.42,2.85,172.11,161.44,2026-08-18,169.73,5,time,0.664,75,12481.0,248.25,1.99,0.168,2.89,4.6,17,4908.0,2913.99,59.38
COP,2026-08-11,bull,88.5,2026-08-12,124.17,3.55,131.26,117.97,2026-08-18,129.72,5,time,0.894,100,12417.0,554.82,4.47,0.306,3.78,6.92,13,4915.0,4075.6,82.92
APD,2026-08-11,bull,86.5,2026-08-12,308.37,7.12,322.61,295.91,2026-08-18,303.23,5,time,-0.412,40,12335.0,-205.6,-1.67,0.18,5.71,2.68,8,4567.0,-2422.55,-53.05
CVX,2026-08-11,bull,86.3,2026-08-12,193.53,4.56,202.65,185.55,2026-08-18,202.65,5,win,1.143,64,12386.0,583.56,4.71,0.278,5.39,10.81,9,4847.0,4883.49,100.75
XLE,2026-08-11,bull,85.2,2026-08-12,60.47,1.35,63.16,58.12,2026-08-18,63.16,5,win,1.143,206,12457.0,554.33,4.45,0.245,1.49,3.13,33,4917.0,5413.21,110.1
XOP,2026-08-11,bull,84.3,2026-08-12,177.85,4.99,187.84,169.11,2026-08-18,185.35,5,time,0.858,70,12450.0,525.0,4.22,0.352,6.21,10.14,8,4964.0,3149.16,63.44
XLV,2026-08-12,bull,88.7,2026-08-13,169.49,2.86,175.22,164.48,2026-08-19,175.22,5,win,1.143,73,12373.0,418.11,3.38,0.153,2.7,6.43,18,4851.0,6720.5,138.53
XOM,2026-08-12,bull,88.1,2026-08-13,157.01,3.83,164.67,150.31,2026-08-18,164.67,4,win,1.143,79,12404.0,604.98,4.88,0.248,3.91,8.79,12,4697.0,5851.84,124.58
CVX,2026-08-12,bull,85.8,2026-08-13,193.31,4.43,202.18,185.55,2026-08-18,202.18,4,win,1.143,64,12372.0,567.61,4.59,0.276,5.35,10.71,9,4814.0,4823.71,100.21
XLE,2026-08-12,bull,84.9,2026-08-13,60.52,1.31,63.14,58.23,2026-08-18,63.14,4,win,1.143,206,12467.0,539.31,4.33,0.244,1.49,3.1,33,4910.0,5326.91,108.49
XOP,2026-08-12,bull,84.1,2026-08-13,176.62,4.8,186.23,168.21,2026-08-19,186.23,5,win,1.143,70,12363.0,672.44,5.44,0.351,6.15,11.7,8,4922.0,4439.44,90.2
SBUX,2026-08-12,bull,84.0,2026-08-13,108.55,2.87,114.29,103.52,2026-08-19,104.98,5,time,-0.71,115,12483.0,-410.14,-3.29,0.191,2.12,0.53,23,4881.0,-3671.9,-75.23
XLI,2026-08-12,bull,82.2,2026-08-13,186.48,3.02,192.51,181.2,2026-08-19,181.95,5,time,-0.858,67,12494.0,-303.51,-2.43,0.176,3.38,1.12,14,4731.0,-3164.75,-66.89
MDLZ,2026-08-13,bull,86.8,2026-08-14,63.43,1.59,66.62,60.64,2026-08-20,64.14,5,time,0.255,197,12496.0,139.87,1.12,0.26,1.66,1.84,30,4970.0,546.39,10.99
MRK,2026-08-13,bull,86.4,2026-08-14,133.64,3.35,140.34,127.78,2026-08-19,140.34,4,win,1.143,93,12429.0,623.42,5.02,0.198,2.7,7.31,18,4860.0,8289.57,170.58
APD,2026-08-13,bull,86.1,2026-08-14,305.91,6.9,319.7,293.84,2026-08-20,300.33,5,time,-0.462,40,12236.0,-223.2,-1.82,0.178,5.59,2.43,8,4471.0,-2523.56,-56.45
CVX,2026-08-13,bull,85.5,2026-08-14,197.15,4.43,206.0,189.4,2026-08-19,206.0,4,win,1.143,63,12420.0,557.67,4.49,0.272,5.38,10.71,9,4838.0,4804.88,99.33
XLE,2026-08-13,bull,84.4,2026-08-14,61.37,1.28,63.93,59.13,2026-08-19,63.93,4,win,1.143,203,12458.0,519.31,4.17,0.245,1.52,3.07,32,4850.0,4982.44,102.74
SBUX,2026-08-13,bull,84.1,2026-08-14,107.62,2.81,113.25,102.7,2026-08-20,103.99,5,time,-0.737,116,12484.0,-421.08,-3.37,0.163,1.81,0.33,27,4898.0,-4004.81,-81.76
XOP,2026-08-13,bull,83.8,2026-08-14,179.87,4.76,189.38,171.55,2026-08-20,189.38,5,win,1.143,69,12411.0,656.29,5.29,0.345,6.15,11.63,8,4923.0,4379.69,88.97
MRK,2026-08-14,bull,86.9,2026-08-17,134.16,3.3,140.75,128.39,2026-08-19,140.75,3,win,1.143,93,12477.0,613.03,4.91,0.169,2.34,7.1,21,4916.0,9984.42,203.1
APD,2026-08-14,bull,86.7,2026-08-17,307.89,6.76,321.42,296.05,2026-08-21,305.1,5,time,-0.236,40,12316.0,-111.6,-0.91,0.205,6.42,4.21,7,4495.0,-1545.91,-34.39
MDLZ,2026-08-14,bull,86.5,2026-08-17,62.96,1.51,65.99,60.31,2026-08-21,64.45,5,time,0.563,198,12466.0,295.02,2.37,0.27,1.71,2.38,29,4948.0,1962.08,39.65
XLE,2026-08-14,bull,85.7,2026-08-17,62.22,1.26,64.75,60.01,2026-08-21,63.64,5,time,0.642,200,12444.0,284.0,2.28,0.247,1.54,2.21,32,4942.0,2117.01,42.84
CVX,2026-08-14,bull,85.5,2026-08-17,198.99,4.39,207.78,191.31,2026-08-20,207.78,4,win,1.143,62,12338.0,544.57,4.41,0.273,5.43,10.7,9,4891.0,4739.74,96.9
XLP,2026-08-14,bull,84.6,2026-08-17,85.36,1.29,87.94,83.1,2026-08-21,85.99,5,time,0.279,146,12463.0,91.98,0.74,0.163,1.44,1.6,34,4891.0,561.58,11.48
XOP,2026-08-14,bull,83.9,2026-08-17,181.39,4.64,190.68,173.26,2026-08-20,190.68,4,win,1.143,68,12335.0,631.71,5.12,0.348,6.25,11.67,7,4375.0,3792.48,86.68
SBUX,2026-08-14,bull,81.9,2026-08-17,106.46,2.71,111.87,101.72,2026-08-21,107.08,5,time,0.131,117,12456.0,72.54,0.58,0.161,1.77,1.88,28,4951.0,306.91,6.2
XOM,2026-08-17,bull,90.7,2026-08-18,164.35,3.63,171.61,158.0,2026-08-24,164.05,5,time,-0.047,76,12491.0,-22.8,-0.18,0.253,4.18,3.47,11,4602.0,-780.18,-16.95
OXY,2026-08-17,bull,87.2,2026-08-18,59.7,1.64,62.98,56.82,2026-08-24,59.84,5,time,0.049,209,12476.0,29.13,0.23,0.369,2.18,1.97,22,4795.0,-463.57,-9.67
MRK,2026-08-17,bull,87.0,2026-08-18,136.43,3.25,142.93,130.75,2026-08-19,142.93,2,win,1.143,91,12416.0,590.87,4.76,0.168,2.37,7.06,21,4975.0,9849.19,197.96
CVX,2026-08-17,bull,86.6,2026-08-18,203.26,4.35,211.96,195.64,2026-08-24,203.09,5,time,-0.022,61,12399.0,-10.13,-0.08,0.275,5.61,4.78,8,4485.0,-661.06,-14.74
SBUX,2026-08-17,bull,83.5,2026-08-18,109.07,2.64,114.35,104.45,2026-08-20,104.45,3,loss,-1.0,114,12434.0,-526.47,-4.23,0.174,1.95,0.3,25,4886.0,-4125.11,-84.43
META,2026-08-17,bear,20.1,2026-08-18,557.48,21.9,513.68,595.81,2026-08-24,559.02,5,time,-0.04,22,12265.0,-33.88,-0.28,0.485,25.16,21.33,1,2516.0,-383.27,-15.23
TLT,2026-08-17,bear,13.2,2026-08-18,80.95,0.61,79.73,82.01,2026-08-19,82.01,2,loss,-1.0,154,12466.0,-164.0,-1.32,0.099,0.67,0.28,74,4983.0,-2946.17,-59.12
XOM,2026-08-18,bull,92.1,2026-08-19,166.07,3.65,173.37,159.68,2026-08-25,160.64,5,time,-0.85,75,12455.0,-407.25,-3.27,0.25,4.18,1.45,11,4599.0,-3008.45,-65.41
MRK,2026-08-18,bull,85.4,2026-08-19,146.08,3.24,152.55,140.41,2026-08-19,152.55,1,win,1.143,85,12417.0,550.3,4.43,0.443,6.36,10.16,7,4454.0,2661.09,59.75
META,2026-08-18,bear,17.3,2026-08-19,541.34,22.18,496.99,580.15,2026-08-25,570.05,5,time,-0.74,23,12451.0,-660.33,-5.3,0.483,24.29,10.57,2,4858.0,-2743.61,-56.48
VZ,2026-08-19,bull,92.4,2026-08-20,49.28,1.13,51.54,47.3,2026-08-26,50.19,5,time,0.461,253,12468.0,230.23,1.85,0.286,1.41,1.76,35,4934.0,1211.87,24.56
TMO,2026-08-19,bull,91.8,2026-08-20,609.38,15.43,640.25,582.37,2026-08-25,640.25,4,win,1.143,20,12188.0,617.36,5.07,0.254,15.54,35.28,3,4662.0,5921.92,127.02
MDLZ,2026-08-19,bull,87.3,2026-08-20,63.81,1.5,66.81,61.19,2026-08-26,63.01,5,time,-0.305,195,12443.0,-156.0,-1.25,0.269,1.72,1.11,29,4993.0,-1773.19,-35.51
JNJ,2026-08-19,bull,87.2,2026-08-20,272.06,5.87,283.79,261.79,2026-08-26,270.0,5,time,-0.201,45,12243.0,-92.62,-0.76,0.228,6.26,4.41,7,4384.0,-1294.26,-29.52
LLY,2026-08-19,bull,85.9,2026-08-20,1274.13,42.21,1358.55,1200.26,2026-08-26,1200.26,5,loss,-1.0,9,11467.0,-664.79,-5.8,0.4,50.29,15.02,0,0.0,-0.0,0
XLP,2026-08-19,bull,85.6,2026-08-20,85.2,1.34,87.88,82.86,2026-08-26,86.27,5,time,0.457,146,12439.0,156.22,1.26,0.167,1.47,1.91,33,4854.0,1455.71,29.99
META,2026-08-19,bear,16.8,2026-08-20,546.95,21.79,503.37,585.08,2026-08-26,585.08,5,loss,-1.0,22,12033.0,-838.93,-6.97,0.472,23.99,7.96,2,4799.0,-3206.21,-66.82
MDLZ,2026-08-20,bull,87.1,2026-08-21,64.24,1.47,67.19,61.66,2026-08-27,62.43,5,time,-0.702,194,12463.0,-351.14,-2.82,0.269,1.73,0.73,28,4845.0,-2793.99,-57.66
LLY,2026-08-20,bull,83.0,2026-08-21,1232.0,41.84,1315.69,1158.77,2026-08-27,1176.1,5,time,-0.763,10,12320.0,-559.0,-4.54,0.4,48.64,18.95,1,4864.0,-2968.55,-61.04
META,2026-08-20,bear,16.6,2026-08-21,546.89,21.0,504.89,583.64,2026-08-26,583.64,4,loss,-1.0,22,12032.0,-808.42,-6.72,0.471,23.96,8.79,2,4792.0,-3034.74,-63.33
KO,2026-08-21,bull,93.5,2026-08-24,91.57,1.61,94.79,88.76,2026-08-27,88.76,4,loss,-1.0,136,12454.0,-382.2,-3.07,0.211,1.96,0.65,25,4900.0,-3285.21,-67.04
UNP,2026-08-21,bull,88.8,2026-08-24,307.07,6.34,319.75,295.98,2026-08-28,305.99,5,time,-0.098,40,12283.0,-43.4,-0.35,0.165,5.22,3.96,9,4698.0,-1131.97,-24.09
MDLZ,2026-08-21,bull,87.2,2026-08-24,64.73,1.42,67.58,62.24,2026-08-27,62.24,4,loss,-1.0,193,12493.0,-480.6,-3.85,0.269,1.74,0.58,28,4882.0,-3260.65,-66.78
XLB,2026-08-21,bull,86.5,2026-08-24,54.01,0.87,55.75,52.49,2026-08-28,53.18,5,time,-0.545,231,12476.0,-191.73,-1.54,0.195,1.07,0.55,46,4932.0,-2384.28,-48.34
JNJ,2026-08-21,bull,85.0,2026-08-24,268.42,5.86,280.13,258.16,2026-08-28,268.04,5,time,-0.037,46,12347.0,-17.3,-0.14,0.225,6.1,5.09,8,4878.0,-805.51,-16.51
XLP,2026-08-21,bull,84.1,2026-08-24,86.45,1.31,89.07,84.16,2026-08-28,85.45,5,time,-0.437,144,12449.0,-144.0,-1.16,0.168,1.5,0.83,33,4942.0,-2194.96,-44.42
LLY,2026-08-21,bull,83.1,2026-08-24,1262.14,41.8,1345.74,1188.99,2026-08-26,1188.99,3,loss,-1.0,9,11359.0,-658.35,-5.8,0.401,49.99,17.06,1,4999.0,-3292.78,-65.87
SBUX,2026-08-21,bull,81.5,2026-08-24,107.22,2.85,112.92,102.24,2026-08-28,107.85,5,time,0.126,116,12438.0,73.08,0.59,0.206,2.24,2.29,22,4933.0,107.17,2.17
VZ,2026-08-24,bull,93.4,2026-08-25,50.0,1.03,52.07,48.19,2026-08-31,50.02,5,time,0.011,250,12500.0,5.0,0.04,0.2,1.02,0.89,48,4901.0,-605.13,-12.35
MA,2026-08-24,bull,93.3,2026-08-25,596.87,11.45,619.78,576.83,2026-08-31,589.31,5,time,-0.377,20,11937.0,-151.2,-1.27,0.203,12.31,7.14,4,4926.0,-2069.71,-42.02
KO,2026-08-24,bull,93.3,2026-08-25,91.03,1.6,94.22,88.23,2026-08-31,88.23,5,loss,-1.0,137,12471.0,-382.59,-3.07,0.132,1.27,0.19,39,4947.0,-4221.62,-85.34
UNP,2026-08-24,bull,89.3,2026-08-25,306.55,6.28,319.1,295.56,2026-08-31,300.67,5,time,-0.535,40,12262.0,-235.1,-1.92,0.151,4.8,1.74,10,4804.0,-3065.17,-63.81
DE,2026-08-24,bull,88.3,2026-08-25,652.07,20.53,693.14,616.14,2026-08-31,654.91,5,time,0.079,19,12389.0,53.96,0.44,0.402,25.86,24.02,1,2586.0,-184.85,-7.15
MDLZ,2026-08-24,bull,87.0,2026-08-25,64.38,1.41,67.21,61.91,2026-08-28,61.91,4,loss,-1.0,194,12490.0,-479.58,-3.84,0.27,1.74,0.58,28,4880.0,-3246.24,-66.52
XLP,2026-08-24,bull,86.9,2026-08-25,86.86,1.32,89.5,84.55,2026-08-31,84.98,5,time,-0.813,143,12421.0,-268.84,-2.16,0.158,1.42,0.48,35,4974.0,-3311.49,-66.57
XLB,2026-08-24,bull,86.9,2026-08-25,53.48,0.87,55.23,51.95,2026-08-31,52.69,5,time,-0.517,233,12461.0,-184.07,-1.48,0.185,1.01,0.52,49,4961.0,-2412.84,-48.64
LLY,2026-08-24,bull,81.9,2026-08-25,1249.0,41.04,1331.08,1177.18,2026-08-27,1177.18,3,loss,-1.0,10,12490.0,-718.21,-5.75,0.399,49.13,16.79,1,4913.0,-3233.82,-65.82
MA,2026-08-25,bull,92.7,2026-08-26,599.37,11.05,621.47,580.03,2026-09-01,581.1,5,time,-0.945,20,11987.0,-365.4,-3.05,0.203,12.4,3.69,4,4959.0,-3483.76,-70.25
V,2026-08-25,bull,91.4,2026-08-26,384.14,7.08,398.3,371.75,2026-09-01,372.67,5,time,-0.925,32,12292.0,-367.04,-2.99,0.186,7.3,1.99,6,4379.0,-3185.83,-72.76
XLB,2026-08-25,bull,86.5,2026-08-26,53.59,0.86,55.3,52.09,2026-09-01,52.09,5,loss,-1.0,233,12486.0,-349.33,-2.8,0.179,0.98,0.28,50,4914.0,-3522.82,-71.69
XLP,2026-08-25,bull,84.6,2026-08-26,86.62,1.31,89.25,84.32,2026-09-01,85.25,5,time,-0.596,144,12473.0,-197.28,-1.58,0.158,1.41,0.63,35,4949.0,-2753.35,-55.63
DE,2026-08-26,bull,85.4,2026-08-27,628.82,20.09,669.0,593.66,2026-09-01,669.0,4,win,1.143,19,11948.0,763.51,6.39,0.365,22.7,47.44,2,4540.0,4947.82,108.99
SBUX,2026-08-26,bull,83.0,2026-08-27,108.57,2.78,114.13,103.71,2026-09-02,106.72,5,time,-0.38,115,12486.0,-212.75,-1.7,0.228,2.5,1.33,20,4997.0,-2344.17,-46.91
MCD,2026-08-27,bear,19.0,2026-08-28,259.49,5.23,249.03,268.63,2026-09-03,259.63,5,time,-0.016,48,12455.0,-6.93,-0.06,0.215,5.01,4.34,9,4513.0,-602.9,-13.36
MSFT,2026-08-28,bull,94.3,2026-08-31,510.38,12.05,534.48,489.29,2026-09-04,499.7,5,time,-0.506,24,12249.0,-256.32,-2.09,0.217,11.23,5.09,4,4490.0,-2452.64,-54.62
APD,2026-08-28,bull,84.5,2026-08-31,309.96,6.24,322.44,299.04,2026-09-04,301.27,5,time,-0.796,40,12398.0,-347.6,-2.8,0.177,5.63,1.57,8,4505.0,-3249.42,-72.14
SBUX,2026-08-28,bull,82.5,2026-08-31,107.52,2.63,112.78,102.92,2026-09-04,104.47,5,time,-0.663,116,12472.0,-353.8,-2.84,0.224,2.43,0.87,20,4864.0,-3122.46,-64.2
MCD,2026-08-28,bear,20.5,2026-08-31,263.13,5.21,252.7,272.25,2026-09-04,255.69,5,time,0.816,47,12367.0,349.67,2.83,0.204,4.8,8.72,10,4801.0,3921.06,81.68
DE,2026-08-31,bull,88.8,2026-09-01,655.34,20.02,695.37,620.31,2026-09-02,695.37,2,win,1.143,19,12451.0,760.63,6.11,0.388,25.11,50.09,1,2511.0,2498.21,99.48
NVDA,2026-08-31,bull,85.0,2026-09-01,216.51,7.48,231.46,203.42,2026-09-04,231.46,4,win,1.143,57,12341.0,852.54,6.91,0.452,9.62,18.48,5,4809.0,4429.32,92.1
APD,2026-08-31,bull,84.6,2026-09-01,308.0,6.32,320.63,296.95,2026-09-08,297.71,5,time,-0.931,40,12320.0,-411.6,-3.34,0.185,5.85,1.35,8,4677.0,-3600.03,-76.98
LOW,2026-08-31,bear,20.3,2026-09-01,203.75,5.29,193.16,213.01,2026-09-08,200.8,5,time,0.318,61,12429.0,179.95,1.45,0.227,4.16,5.24,12,4997.0,1294.82,25.91
MCD,2026-08-31,bear,20.0,2026-09-01,262.75,5.03,252.69,271.56,2026-09-08,255.81,5,time,0.788,47,12349.0,326.18,2.64,0.199,4.67,8.27,10,4670.0,3597.07,77.03
MCD,2026-09-01,bear,18.5,2026-09-02,261.96,4.94,252.08,270.6,2026-09-09,253.48,5,time,0.981,47,12312.0,398.56,3.24,0.181,4.22,9.12,11,4640.0,5395.79,116.3
NVDA,2026-09-02,bull,86.3,2026-09-03,225.77,7.58,240.92,212.51,2026-09-10,218.36,5,time,-0.559,55,12417.0,-407.41,-3.28,0.454,10.07,5.37,4,4026.0,-1878.57,-46.66
COST,2026-09-02,bear,20.4,2026-09-03,927.79,17.65,892.48,958.69,2026-09-10,902.38,5,time,0.822,13,12061.0,330.33,2.74,0.195,16.15,29.61,3,4846.0,4035.91,83.28
APD,2026-09-02,bull,84.3,2026-09-03,311.1,6.53,324.17,299.66,2026-09-08,299.66,3,loss,-1.0,40,12444.0,-457.42,-3.68,0.194,6.17,1.53,8,4938.0,-3712.16,-75.18
MCD,2026-09-02,bear,18.9,2026-09-03,261.57,4.96,251.66,270.24,2026-09-10,253.05,5,time,0.982,47,12294.0,400.44,3.26,0.177,4.11,9.09,12,4936.0,5973.4,121.01
NVDA,2026-09-03,bull,87.5,2026-09-04,230.83,7.46,245.76,217.77,2026-09-10,217.77,4,loss,-1.0,54,12465.0,-705.25,-5.66,0.448,10.17,3.76,4,4067.0,-2562.53,-63.01
COST,2026-09-03,bear,19.2,2026-09-04,926.09,17.5,891.1,956.71,2026-09-11,904.77,5,time,0.696,13,12039.0,277.16,2.3,0.198,16.37,26.86,3,4910.0,3147.12,64.1
NVDA,2026-09-04,bull,87.8,2026-09-08,232.85,7.38,247.61,219.93,2026-09-10,219.93,3,loss,-1.0,53,12341.0,-684.55,-5.55,0.441,10.1,3.98,4,4041.0,-2450.83,-60.64
XLY,2026-09-04,bear,19.6,2026-09-08,114.47,1.66,111.15,117.37,2026-09-10,111.15,3,win,1.143,109,12477.0,361.86,2.9,0.165,1.67,3.62,30,4996.0,5870.15,117.51
COST,2026-09-04,bear,17.1,2026-09-08,912.4,17.21,877.99,942.51,2026-09-14,918.91,5,time,-0.216,13,11861.0,-84.63,-0.71,0.196,16.02,11.25,3,4806.0,-1431.58,-29.78
XLY,2026-09-08,bear,17.2,2026-09-09,112.96,1.62,109.71,115.8,2026-09-15,110.88,5,time,0.732,110,12426.0,228.8,1.84,0.169,1.69,2.69,29,4910.0,2886.02,58.78
COST,2026-09-08,bear,15.4,2026-09-09,907.0,16.67,873.66,936.17,2026-09-15,901.35,5,time,0.194,13,11791.0,73.45,0.62,0.196,15.91,16.86,3,4772.0,284.45,5.96
OXY,2026-09-09,bull,86.0,2026-09-10,62.09,1.46,65.0,59.54,2026-09-16,59.54,5,loss,-1.0,201,12480.0,-512.44,-4.11,0.208,1.31,0.25,38,4977.0,-4008.79,-80.55
PEP,2026-09-09,bear,21.4,2026-09-10,137.5,2.31,132.88,141.54,2026-09-16,134.34,5,time,0.782,90,12375.0,284.4,2.3,0.17,2.07,3.72,24,4976.0,3950.94,79.39
PEP,2026-09-10,bear,21.0,2026-09-11,137.31,2.24,132.84,141.22,2026-09-17,133.66,5,time,0.932,91,12495.0,332.15,2.66,0.162,1.96,4.01,25,4912.0,5108.49,104.01
XLU,2026-09-10,bear,16.1,2026-09-11,42.89,0.65,41.59,44.02,2026-09-15,41.59,3,win,1.143,291,12481.0,377.23,3.02,0.139,0.52,1.33,96,4967.0,7797.99,157.0
OXY,2026-09-11,bull,85.5,2026-09-14,62.54,1.46,65.45,59.99,2026-09-16,59.99,3,loss,-1.0,199,12445.0,-507.43,-4.08,0.196,1.25,0.26,40,4990.0,-3941.89,-79.0
PEP,2026-09-11,bear,20.4,2026-09-14,138.0,2.18,133.64,141.82,2026-09-17,133.64,4,win,1.143,90,12420.0,392.42,3.16,0.162,1.97,4.6,25,4931.0,6560.59,133.04
TLT,2026-09-11,bear,17.0,2026-09-14,80.82,0.66,79.5,81.97,2026-09-18,81.25,5,time,-0.373,154,12446.0,-66.22,-0.53,0.104,0.71,0.45,70,4977.0,-1804.85,-36.26
XLU,2026-09-11,bear,15.9,2026-09-14,42.38,0.65,41.08,43.51,2026-09-18,41.08,5,win,1.143,294,12460.0,380.78,3.06,0.141,0.52,1.32,95,4950.0,7597.02,153.46
VZ,2026-09-14,bull,90.4,2026-09-15,51.11,0.93,52.96,49.49,2026-09-16,49.49,2,loss,-1.0,244,12471.0,-395.71,-3.17,0.144,0.77,0.16,65,4978.0,-3936.83,-79.08
XOM,2026-09-14,bull,85.8,2026-09-15,165.36,3.68,172.71,158.93,2026-09-18,163.54,4,time,-0.283,75,12402.0,-136.5,-1.1,0.242,4.03,2.72,12,4831.0,-1562.09,-32.33
OXY,2026-09-14,bull,85.4,2026-09-15,62.11,1.46,65.03,59.55,2026-09-16,59.55,2,loss,-1.0,201,12484.0,-513.86,-4.12,0.213,1.34,0.34,37,4958.0,-3694.19,-74.51
TLT,2026-09-14,bear,16.4,2026-09-15,80.63,0.68,79.28,81.81,2026-09-18,81.25,4,time,-0.524,155,12498.0,-96.1,-0.77,0.101,0.68,0.38,73,4961.0,-2202.72,-44.4
XLU,2026-09-14,bear,14.5,2026-09-15,41.92,0.65,40.62,43.06,2026-09-18,41.1,4,time,0.719,298,12492.0,244.36,1.96,0.145,0.53,0.97,94,4983.0,4101.98,82.31
COP,2026-09-15,bull,91.3,2026-09-16,138.42,3.26,144.93,132.72,2026-09-16,132.72,1,loss,-1.0,90,12458.0,-513.01,-4.12,0.329,4.52,2.01,11,4971.0,-2762.38,-55.58
VZ,2026-09-15,bull,89.9,2026-09-16,51.25,0.9,53.05,49.67,2026-09-16,49.67,1,loss,-1.0,243,12454.0,-382.8,-3.07,0.192,1.0,0.36,49,4918.0,-3176.59,-64.6
XLE,2026-09-15,bull,89.6,2026-09-16,65.22,1.28,67.77,62.99,2026-09-18,64.31,3,time,-0.408,191,12457.0,-173.81,-1.4,0.193,1.28,0.76,38,4881.0,-1984.92,-40.67
BRK-B,2026-09-15,bull,88.8,2026-09-16,516.36,5.97,528.29,505.92,2026-09-18,509.77,3,time,-0.631,24,12393.0,-158.16,-1.28,0.089,5.07,1.88,9,4563.0,-2869.18,-62.88
XOM,2026-09-15,bull,87.8,2026-09-16,167.23,3.74,174.71,160.69,2026-09-18,163.54,3,time,-0.564,74,12375.0,-273.06,-2.21,0.262,4.4,2.4,11,4838.0,-2202.21,-45.52
OXY,2026-09-15,bull,87.3,2026-09-16,62.4,1.5,65.41,59.77,2026-09-16,59.77,1,loss,-1.0,200,12480.0,-526.39,-4.22,0.328,2.04,0.88,24,4887.0,-2763.66,-56.55
PEP,2026-09-15,bear,19.4,2026-09-16,135.42,2.17,131.08,139.22,2026-09-18,131.08,3,win,1.143,92,12459.0,399.23,3.2,0.143,1.69,4.44,29,4909.0,7954.74,162.03
BA,2026-09-16,bear,17.9,2026-09-17,202.25,5.6,191.06,212.04,2026-09-18,198.2,2,time,0.414,61,12337.0,247.05,2.0,0.249,4.57,6.56,10,4573.0,1989.12,43.5
PG,2026-09-17,bull,86.2,2026-09-18,146.44,2.38,151.19,142.28,2026-09-18,146.39,1,time,-0.012,85,12447.0,-4.25,-0.03,0.148,2.26,2.18,22,4978.0,-188.08,-3.78
BA,2026-09-17,bear,16.2,2026-09-18,196.83,5.67,185.49,206.76,2026-09-18,198.2,1,time,-0.138,63,12400.0,-86.31,-0.7,0.232,4.13,3.42,12,4950.0,-846.49,-17.1
