symbol,signal_date,direction,conviction,ema21_at_signal,sig_close,dist_from_ema_atr,ema21_prox_pass,entry,atr,target_2atr,stop_1.25atr,exit_date,exit_price,outcome,r_multiple,stock_shares,stock_pnl,opt_contracts,opt_entry_prem,opt_pnl
DIA,2026-07-02,bull,93.1,513.96,526.08,1.99,False,526.92,6.09,539.09,519.31,2026-07-08,519.31,loss,-1.0,23,-174.98,6,7.33,-2348.64
LLY,2026-07-02,bull,91.4,1140.2,1212.17,1.83,False,1206.27,39.42,1285.12,1156.99,2026-07-10,1186.88,time,-0.394,10,-193.92,1,38.77,-1433.68
LIN,2026-07-02,bull,89.4,516.48,544.85,2.43,False,541.94,11.68,565.29,527.34,2026-07-08,527.34,loss,-1.0,23,-335.66,4,12.19,-2824.61
IYT,2026-07-02,bull,89.2,85.3,87.79,1.59,False,87.8,1.57,90.94,85.84,2026-07-08,85.84,loss,-1.0,142,-278.84,23,2.14,-2385.79
KO,2026-07-02,bull,88.9,80.45,83.64,1.97,False,83.6,1.62,86.83,81.58,2026-07-09,81.58,loss,-1.0,149,-300.81,22,2.18,-2452.32
AMGN,2026-07-02,bull,88.5,349.65,371.98,2.62,False,369.54,8.53,386.6,358.88,2026-07-06,358.88,loss,-1.0,33,-351.83,4,10.46,-1983.15
RSP,2026-07-02,bull,88.2,210.24,214.91,1.91,False,215.04,2.45,219.94,211.98,2026-07-08,211.98,loss,-1.0,58,-177.64,16,3.07,-2552.9
IYR,2026-07-02,bull,84.5,101.82,103.24,0.96,False,103.31,1.49,106.29,101.46,2026-07-10,102.56,time,-0.406,120,-90.53,24,2.02,-1539.68
UPS,2026-07-02,bull,82.7,105.57,108.92,1.2,False,109.03,2.79,114.61,105.54,2026-07-10,110.7,time,0.48,114,190.76,13,3.78,587.65
TSLA,2026-07-02,bear,20.3,402.56,393.45,0.46,True,397.5,19.62,358.27,422.02,2026-07-10,407.76,time,-0.418,31,-318.06,2,24.93,-1504.51
RSP,2026-07-06,bull,88.2,210.67,215.0,1.83,False,215.81,2.37,220.55,212.85,2026-07-08,212.85,loss,-1.0,57,-168.92,17,2.83,-2476.57
LIN,2026-07-06,bull,87.5,518.5,538.75,1.69,False,545.19,11.95,569.1,530.26,2026-07-08,530.26,loss,-1.0,22,-328.64,4,12.34,-2769.51
UPS,2026-07-06,bull,81.9,105.82,108.29,0.91,False,108.98,2.72,114.41,105.59,2026-07-13,111.12,time,0.629,114,243.5,13,3.79,958.43
DIS,2026-07-06,bear,20.8,99.24,97.41,0.77,True,98.14,2.37,93.39,101.11,2026-07-13,96.0,time,0.721,127,271.78,20,2.47,1755.61
KO,2026-07-07,bull,87.9,80.9,83.55,1.53,False,83.67,1.74,87.14,81.5,2026-07-09,81.5,loss,-1.0,149,-323.23,24,2.03,-2503.13
PM,2026-07-07,bull,87.7,180.19,187.79,1.55,False,187.29,4.89,197.07,181.18,2026-07-09,181.18,loss,-1.0,66,-403.48,9,5.21,-2573.08
RSP,2026-07-07,bull,87.1,211.04,214.73,1.58,False,213.54,2.33,218.21,210.62,2026-07-14,213.45,time,-0.031,58,-5.22,16,2.98,-730.9
LIN,2026-07-07,bull,86.3,520.14,536.46,1.36,False,534.36,12.01,558.39,519.34,2026-07-09,519.34,loss,-1.0,23,-345.41,3,12.53,-2094.22
BA,2026-07-07,bull,85.9,222.45,231.68,1.35,False,227.0,6.84,240.68,218.45,2026-07-13,218.45,loss,-1.0,55,-470.2,5,8.59,-2301.46
IYR,2026-07-07,bull,85.5,102.05,103.74,1.13,False,103.6,1.5,106.61,101.72,2026-07-10,101.72,loss,-1.0,120,-225.27,23,2.08,-2300.1
XLP,2026-07-07,bull,84.0,83.9,84.86,0.73,False,85.17,1.31,87.79,83.53,2026-07-09,83.53,loss,-1.0,146,-239.25,31,1.58,-2474.24
UPS,2026-07-07,bull,83.2,106.22,110.2,1.48,False,109.78,2.7,115.18,106.41,2026-07-14,111.89,time,0.624,113,238.02,12,3.87,846.48
PM,2026-07-08,bull,86.8,180.81,187.07,1.3,False,186.58,4.81,196.2,180.57,2026-07-10,180.57,loss,-1.0,66,-396.64,8,5.62,-2311.55
KO,2026-07-08,bull,85.9,81.08,82.91,1.06,False,81.6,1.72,85.05,79.45,2026-07-15,81.96,time,0.166,153,54.75,26,1.91,-155.28
TSLA,2026-07-08,bear,20.5,403.11,394.06,0.46,False,393.99,19.6,354.8,418.48,2026-07-15,394.46,time,-0.019,31,-14.57,2,23.01,-616.06
DIS,2026-07-08,bear,20.5,98.87,96.7,0.96,False,96.34,2.26,91.82,99.17,2026-07-15,97.15,time,-0.287,129,-104.49,20,2.42,-1313.07
SBUX,2026-07-09,bull,84.9,102.02,105.8,1.37,False,105.69,2.76,111.22,102.24,2026-07-16,107.75,time,0.596,118,242.86,19,2.56,1700.55
DIS,2026-07-09,bear,20.0,98.62,96.17,1.1,False,96.89,2.24,92.42,99.69,2026-07-16,99.69,loss,-1.0,129,-360.67,20,2.43,-2715.6
UPS,2026-07-10,bull,86.0,107.0,110.7,1.3,False,111.27,2.84,116.96,107.71,2026-07-17,115.87,time,1.296,112,515.93,16,2.96,4257.52
SBUX,2026-07-10,bull,84.2,102.33,105.4,1.14,False,105.73,2.71,111.15,102.35,2026-07-17,104.89,time,-0.25,118,-99.73,21,2.29,-1509.89
DIS,2026-07-10,bear,19.3,98.35,95.62,1.25,False,96.1,2.19,91.73,98.83,2026-07-16,98.83,loss,-1.0,130,-355.27,21,2.34,-2653.32
KO,2026-07-13,bull,88.9,81.56,83.75,1.32,False,83.67,1.66,86.98,81.6,2026-07-17,81.6,loss,-1.0,149,-308.57,27,1.84,-2880.56
UPS,2026-07-13,bull,85.8,107.38,111.12,1.36,False,111.6,2.75,117.1,108.16,2026-07-20,111.37,time,-0.066,112,-25.35,16,2.96,-814.03
SBUX,2026-07-13,bull,85.1,102.73,106.73,1.49,False,107.0,2.68,112.35,103.65,2026-07-20,103.65,loss,-1.0,116,-388.38,21,2.36,-3405.75
TSLA,2026-07-13,bear,21.1,402.99,394.76,0.44,True,399.05,18.59,361.86,422.29,2026-07-20,369.57,time,1.268,31,913.88,2,22.15,2919.21
JPM,2026-07-14,bull,92.9,329.69,342.89,1.71,True,345.85,7.7,361.26,336.22,2026-07-17,336.22,loss,-1.0,36,-346.68,5,8.71,-2391.77
UPS,2026-07-14,bull,86.0,107.79,111.89,1.49,False,112.34,2.74,117.83,108.91,2026-07-21,114.51,time,0.634,111,241.46,16,3.0,1427.43
TSLA,2026-07-14,bear,20.9,402.37,396.18,0.35,False,399.4,17.8,363.8,421.65,2026-07-21,378.93,time,0.92,31,634.57,2,22.1,1713.0
LOW,2026-07-14,bear,18.7,215.21,206.4,1.49,False,206.49,5.89,194.71,213.86,2026-07-16,213.86,loss,-1.0,60,-442.03,8,5.92,-2448.88
PEP,2026-07-14,bear,15.9,139.38,134.02,1.46,False,133.66,3.67,126.32,138.25,2026-07-17,138.25,loss,-1.0,93,-426.99,13,3.65,-2577.38
JPM,2026-07-15,bull,93.3,331.26,346.91,2.02,False,349.28,7.75,364.78,339.59,2026-07-17,339.59,loss,-1.0,35,-339.07,6,7.97,-2690.61
TGT,2026-07-15,bull,81.6,131.44,137.24,1.39,False,138.93,4.18,147.28,133.71,2026-07-22,136.87,time,-0.396,89,-183.71,8,5.75,-1411.74
TSLA,2026-07-15,bear,20.7,401.65,394.46,0.41,True,392.35,17.66,357.02,414.43,2026-07-22,374.01,time,0.831,31,568.54,2,21.64,1463.01
LOW,2026-07-15,bear,18.9,214.59,208.37,1.07,False,208.31,5.8,196.71,215.57,2026-07-17,215.57,loss,-1.0,60,-435.21,7,6.26,-2154.29
PEP,2026-07-15,bear,15.5,138.89,133.97,1.37,False,135.59,3.58,128.44,140.06,2026-07-17,140.06,loss,-1.0,92,-411.45,12,4.0,-2300.48
SBUX,2026-07-16,bull,88.6,103.54,107.75,1.54,False,108.33,2.72,113.78,104.92,2026-07-17,104.92,loss,-1.0,115,-391.69,18,2.71,-2700.95
IYR,2026-07-16,bull,88.2,102.62,105.47,1.91,False,105.84,1.49,108.81,103.98,2026-07-23,103.98,loss,-1.0,118,-219.46,28,1.78,-2899.0
KO,2026-07-16,bull,88.0,81.93,84.42,1.49,False,84.86,1.67,88.2,82.78,2026-07-17,82.78,loss,-1.0,147,-306.41,21,2.36,-2101.95
PM,2026-07-16,bull,86.0,181.3,189.84,1.62,False,191.99,5.27,202.54,185.4,2026-07-23,191.12,time,-0.132,65,-56.55,7,6.39,-897.98
XLP,2026-07-16,bull,84.9,84.05,85.81,1.3,True,86.79,1.36,89.51,85.09,2026-07-17,85.09,loss,-1.0,144,-244.45,29,1.72,-2311.8
CL,2026-07-16,bull,84.7,91.35,93.53,1.0,False,94.14,2.18,98.5,91.41,2026-07-20,91.41,loss,-1.0,132,-359.78,19,2.57,-2494.29
XLY,2026-07-16,bull,81.2,116.61,117.34,0.36,False,115.91,2.04,119.98,113.37,2026-07-23,113.37,loss,-1.0,107,-272.21,21,2.28,-2879.68
TSLA,2026-07-16,bear,20.0,400.69,391.06,0.56,False,381.78,17.12,347.55,403.18,2026-07-23,347.55,win,1.6,32,1095.44,2,21.16,3673.11
GDXJ,2026-07-16,bear,15.9,100.09,92.65,1.55,False,90.98,4.81,81.37,96.99,2026-07-21,96.99,loss,-1.0,137,-823.06,12,3.99,-2896.46
GDX,2026-07-16,bear,15.1,76.69,71.4,1.63,False,70.4,3.25,63.91,74.46,2026-07-22,74.46,loss,-1.0,177,-718.09,19,2.59,-3163.31
NEM,2026-07-16,bear,15.0,96.3,90.64,1.46,False,89.66,3.87,81.93,94.5,2026-07-22,94.5,loss,-1.0,139,-672.08,16,2.99,-3139.45
IYR,2026-07-17,bull,88.2,102.86,105.31,1.62,False,104.99,1.51,108.01,103.11,2026-07-24,106.21,time,0.648,119,145.29,27,1.79,1306.69
PM,2026-07-17,bull,87.7,182.36,192.98,2.03,False,192.8,5.24,203.27,186.26,2026-07-24,193.0,time,0.031,64,12.8,7,6.39,-512.65
XLRE,2026-07-17,bull,85.7,44.58,45.42,1.28,False,45.33,0.65,46.64,44.52,2026-07-24,45.95,time,0.754,275,169.13,63,0.78,1670.11
LOW,2026-07-17,bear,19.1,213.96,207.45,1.03,True,208.27,6.3,195.66,216.15,2026-07-24,207.64,time,0.08,60,37.97,8,6.21,-362.85
TSLA,2026-07-17,bear,18.0,398.89,380.84,1.07,False,386.05,16.88,352.29,407.15,2026-07-23,352.29,win,1.6,32,1080.47,2,21.63,3652.24
PEP,2026-07-17,bear,16.6,138.52,135.67,0.75,True,136.12,3.78,128.56,140.84,2026-07-24,135.2,time,0.195,91,83.74,12,3.85,-16.48
GDXJ,2026-07-17,bear,15.8,99.38,92.2,1.52,False,92.07,4.71,82.65,97.95,2026-07-22,97.95,loss,-1.0,135,-794.46,12,4.01,-2865.43
GDX,2026-07-17,bear,14.9,76.21,71.32,1.54,False,71.14,3.17,64.8,75.1,2026-07-22,75.1,loss,-1.0,175,-693.33,19,2.59,-3017.14
NEM,2026-07-17,bear,14.4,95.68,89.51,1.65,False,89.91,3.75,82.42,94.6,2026-07-22,94.6,loss,-1.0,139,-651.13,16,2.99,-2978.92
DIS,2026-07-20,bear,22.6,97.85,96.41,0.65,True,96.0,2.21,91.57,98.77,2026-07-27,96.65,time,-0.235,130,-84.5,21,2.34,-1211.76
NFLX,2026-07-20,bear,18.2,74.42,67.6,2.45,False,67.42,2.79,61.84,70.91,2026-07-27,70.91,loss,-1.0,185,-644.86,18,2.71,-2901.24
PEP,2026-07-20,bear,15.9,138.11,134.03,1.08,False,133.47,3.77,125.94,138.18,2026-07-27,138.18,loss,-1.0,93,-437.92,13,3.77,-2871.59
TSLA,2026-07-20,bear,15.7,396.22,369.57,1.58,False,371.17,16.9,337.38,392.29,2026-07-23,337.38,win,1.6,33,1115.09,2,21.03,3768.69
JPM,2026-07-21,bull,91.4,334.71,345.23,1.32,False,345.07,7.97,361.02,335.1,2026-07-28,357.31,time,1.228,36,440.64,6,7.24,4388.85
DIS,2026-07-21,bear,22.4,97.69,96.14,0.73,False,97.12,2.13,92.86,99.78,2026-07-23,92.86,win,1.6,128,544.82,21,2.32,5285.97
XLY,2026-07-21,bear,18.8,116.2,114.87,0.68,False,114.9,1.94,111.02,117.32,2026-07-23,111.02,win,1.6,108,418.85,28,1.78,6656.0
NFLX,2026-07-21,bear,18.5,73.9,68.67,1.91,False,69.37,2.73,63.9,72.79,2026-07-28,72.79,loss,-1.0,180,-615.01,17,2.79,-2740.77
MCD,2026-07-21,bear,17.1,270.47,262.05,1.41,False,263.82,5.98,251.86,271.31,2026-07-28,271.31,loss,-1.0,47,-351.61,7,6.8,-2587.02
TSLA,2026-07-21,bear,16.3,394.65,378.93,0.94,False,375.53,16.73,342.07,396.44,2026-07-23,342.07,win,1.6,33,1104.3,2,19.99,3855.89
PEP,2026-07-21,bear,15.5,137.7,133.57,1.15,False,134.92,3.58,127.75,139.4,2026-07-28,139.4,loss,-1.0,92,-412.13,13,3.78,-2793.52
JPM,2026-07-22,bull,91.4,335.94,348.21,1.58,False,346.58,7.75,362.08,336.89,2026-07-29,344.71,time,-0.193,36,-67.32,6,7.26,-1144.12
PM,2026-07-22,bull,89.8,184.7,194.3,1.7,False,191.95,5.64,203.23,184.9,2026-07-28,203.23,win,1.6,65,733.26,7,6.42,4850.25
MRK,2026-07-22,bull,81.0,123.73,126.72,0.85,False,127.07,3.5,134.07,122.69,2026-07-28,134.07,win,1.6,98,686.11,11,4.32,4615.9
DIS,2026-07-22,bear,22.1,97.53,95.87,0.79,False,94.81,2.1,90.62,97.43,2026-07-28,97.43,loss,-1.0,131,-343.34,21,2.36,-2591.45
XLY,2026-07-22,bear,17.7,116.0,114.02,1.04,False,110.48,1.9,106.68,112.86,2026-07-29,112.86,loss,-1.0,113,-268.6,21,2.37,-2554.08
MCD,2026-07-22,bear,16.7,269.68,261.71,1.36,False,259.73,5.85,248.03,267.05,2026-07-27,267.05,loss,-1.0,48,-351.14,7,6.63,-2310.3
TSLA,2026-07-22,bear,15.6,392.77,374.01,1.17,False,341.0,16.06,308.89,361.07,2026-07-24,308.89,win,1.6,36,1156.03,1,25.44,1692.18
JPM,2026-07-23,bull,91.3,337.21,349.9,1.69,False,350.64,7.52,365.67,341.24,2026-07-30,350.85,time,0.022,35,7.35,6,7.38,-525.38
AMGN,2026-07-23,bull,86.3,359.68,369.34,1.09,True,370.56,8.88,388.32,359.47,2026-07-28,388.32,win,1.6,33,585.97,5,8.84,5792.45
MRK,2026-07-23,bull,82.8,124.27,129.71,1.55,False,130.67,3.51,137.68,126.29,2026-07-30,129.03,time,-0.374,95,-155.83,12,4.11,-1604.8
DIS,2026-07-23,bear,19.6,97.1,92.83,1.95,False,93.26,2.19,88.88,96.0,2026-07-24,96.0,loss,-1.0,134,-366.5,21,2.27,-2308.47
MCD,2026-07-23,bear,16.2,268.88,260.95,1.4,False,261.93,5.65,250.62,268.99,2026-07-27,268.99,loss,-1.0,47,-332.1,8,6.03,-2391.57
PEP,2026-07-23,bear,15.6,137.03,133.52,1.05,False,134.1,3.34,127.43,138.27,2026-07-27,138.27,loss,-1.0,93,-387.81,13,3.73,-2324.63
XLY,2026-07-23,bear,14.2,115.34,108.76,3.02,False,109.1,2.18,104.75,111.82,2026-07-28,111.82,loss,-1.0,114,-310.0,21,2.31,-2519.68
ABBV,2026-07-24,bull,91.4,248.29,259.36,1.87,False,259.0,5.92,270.83,251.6,2026-07-31,251.6,loss,-1.0,48,-355.02,7,6.7,-2792.58
IYR,2026-07-24,bull,90.8,103.6,106.21,1.78,False,105.95,1.46,108.88,104.13,2026-07-30,104.13,loss,-1.0,117,-214.04,27,1.83,-2675.29
XLRE,2026-07-24,bull,88.7,44.85,45.95,1.73,False,45.85,0.64,47.13,45.06,2026-07-30,45.06,loss,-1.0,272,-216.08,62,0.8,-2668.05
DE,2026-07-24,bull,87.5,600.0,628.16,1.61,False,627.71,17.47,662.64,605.88,2026-07-30,605.88,loss,-1.0,19,-414.81,2,19.12,-2232.4
AMGN,2026-07-24,bull,87.1,360.97,373.86,1.46,False,376.35,8.81,393.97,365.34,2026-07-28,393.97,win,1.6,33,581.41,5,8.82,5830.05
JNJ,2026-07-24,bull,84.5,251.55,262.11,1.77,False,261.26,5.96,273.18,253.81,2026-07-28,273.18,win,1.6,47,560.12,6,7.3,4494.21
MRK,2026-07-24,bull,83.1,124.82,130.3,1.63,False,130.24,3.36,136.96,126.04,2026-07-31,129.44,time,-0.192,95,-76.5,12,3.95,-1110.8
DIS,2026-07-24,bear,20.6,96.9,94.85,0.9,False,95.51,2.28,90.95,98.36,2026-07-28,98.36,loss,-1.0,130,-370.32,20,2.4,-2401.84
V,2026-07-27,bull,90.6,350.79,361.86,1.39,False,364.38,7.95,380.28,354.45,2026-08-03,364.99,time,0.061,34,20.7,5,8.95,-431.35
HON,2026-07-27,bull,90.0,231.71,245.01,1.68,False,249.05,7.9,264.85,239.18,2026-07-30,239.18,loss,-1.0,50,-493.79,6,7.76,-2802.98
IYR,2026-07-27,bull,89.0,103.81,105.86,1.4,False,107.05,1.46,109.97,105.22,2026-07-30,105.22,loss,-1.0,116,-212.05,27,1.84,-2559.16
XLRE,2026-07-27,bull,87.3,44.93,45.76,1.31,False,46.17,0.63,47.43,45.38,2026-07-30,45.38,loss,-1.0,270,-212.68,62,0.79,-2532.55
AMGN,2026-07-27,bull,87.2,362.16,374.07,1.32,False,381.02,9.01,399.05,369.76,2026-08-03,376.67,time,-0.386,32,-139.35,4,10.48,-1397.57
JNJ,2026-07-27,bull,85.5,252.74,264.64,1.88,False,268.67,6.32,281.32,260.77,2026-07-30,260.77,loss,-1.0,46,-363.49,6,7.4,-2381.61
MRK,2026-07-27,bull,83.1,125.29,129.99,1.38,False,132.1,3.4,138.9,127.85,2026-07-30,127.85,loss,-1.0,94,-399.76,12,4.01,-2569.98
ABBV,2026-07-28,bull,92.4,250.35,263.2,2.03,False,264.21,6.34,276.88,256.29,2026-07-30,256.29,loss,-1.0,47,-372.18,7,7.05,-2626.75
V,2026-07-28,bull,90.8,352.17,365.91,1.82,False,356.34,7.55,371.43,346.9,2026-07-29,371.43,win,1.6,35,528.33,5,8.75,4909.01
XLV,2026-07-28,bull,90.6,160.43,167.26,2.46,False,167.15,2.77,172.7,163.68,2026-07-30,163.68,loss,-1.0,74,-256.5,14,3.45,-2379.98
AMGN,2026-07-28,bull,90.4,364.77,390.82,2.63,False,392.73,9.92,412.58,380.33,2026-07-30,380.33,loss,-1.0,31,-384.53,4,11.09,-2353.51
HON,2026-07-28,bull,90.0,233.04,246.31,1.71,False,244.71,7.78,260.27,234.98,2026-08-04,248.05,time,0.343,51,170.34,6,7.8,517.6
IYR,2026-07-28,bull,89.8,104.05,106.47,1.65,False,106.42,1.47,109.36,104.59,2026-07-30,104.59,loss,-1.0,117,-214.63,29,1.68,-2562.79
KO,2026-07-28,bull,89.2,82.4,87.75,2.67,False,88.12,2.0,92.13,85.62,2026-08-04,85.62,loss,-1.0,141,-353.25,18,2.78,-2635.37
XLRE,2026-07-28,bull,88.1,45.03,46.01,1.54,False,46.04,0.63,47.31,45.25,2026-07-30,45.25,loss,-1.0,271,-215.04,70,0.71,-2657.53
XLP,2026-07-28,bull,86.6,84.5,87.06,1.61,False,86.34,1.59,89.52,84.35,2026-07-31,84.35,loss,-1.0,144,-285.86,28,1.73,-2735.19
JNJ,2026-07-28,bull,86.5,253.89,265.42,1.84,False,267.18,6.27,279.73,259.34,2026-07-30,259.34,loss,-1.0,46,-360.63,7,7.14,-2617.98
MDLZ,2026-07-28,bull,84.8,60.37,62.48,1.35,False,63.79,1.56,66.91,61.84,2026-08-03,61.84,loss,-1.0,195,-380.84,23,2.1,-2474.64
MRK,2026-07-28,bull,83.1,125.82,131.05,1.57,False,131.59,3.34,138.28,127.42,2026-07-30,127.42,loss,-1.0,94,-392.71,12,4.02,-2430.15
KO,2026-07-29,bull,92.0,82.96,88.55,2.73,False,87.11,2.05,91.21,84.55,2026-08-05,86.31,time,-0.31,143,-113.72,18,2.76,-1364.37
ABBV,2026-07-29,bull,91.3,251.53,263.3,1.94,False,258.38,6.07,270.51,250.8,2026-07-31,250.8,loss,-1.0,48,-364.04,6,7.25,-2201.48
V,2026-07-29,bull,90.8,353.61,368.05,1.73,False,364.32,8.33,380.98,353.91,2026-08-05,367.86,time,0.339,34,120.14,5,8.65,422.11
XLV,2026-07-29,bull,89.6,160.96,166.24,1.92,False,163.25,2.75,168.74,159.82,2026-08-05,164.16,time,0.265,76,69.16,14,3.52,42.92
MDLZ,2026-07-29,bull,88.7,60.79,64.99,2.4,False,63.86,1.75,67.36,61.67,2026-08-03,61.67,loss,-1.0,195,-426.24,22,2.19,-2469.51
AMGN,2026-07-29,bull,88.6,366.64,385.39,1.92,False,377.54,9.79,397.12,365.31,2026-08-05,397.12,win,1.6,33,645.93,4,10.64,4793.86
XLP,2026-07-29,bull,87.9,84.76,87.36,1.72,False,86.0,1.51,89.03,84.11,2026-08-04,84.11,loss,-1.0,145,-274.38,26,1.87,-2639.48
ABNB,2026-07-29,bull,87.5,145.33,153.01,1.69,False,151.5,4.53,160.56,145.84,2026-08-05,152.49,time,0.175,82,81.18,9,5.05,-111.25
JNJ,2026-07-29,bull,85.3,254.83,264.23,1.53,False,257.76,6.15,270.06,250.07,2026-08-03,250.07,loss,-1.0,48,-368.97,6,7.74,-2372.63
AMGN,2026-07-30,bull,88.2,368.34,385.39,1.74,False,379.78,9.82,399.41,367.51,2026-08-05,399.41,win,1.6,32,628.27,5,9.84,6284.6
ABNB,2026-07-30,bull,87.0,145.94,152.08,1.38,False,150.84,4.45,159.74,145.28,2026-08-06,151.64,time,0.144,82,65.6,9,5.01,-201.71
MDLZ,2026-07-30,bull,84.7,61.0,63.08,1.15,False,62.45,1.8,66.06,60.2,2026-08-06,62.75,time,0.133,200,60.0,23,2.1,-260.01
APD,2026-07-30,bull,83.2,294.9,300.2,0.69,False,299.57,7.7,314.96,289.95,2026-08-04,289.95,loss,-1.0,41,-394.39,8,6.24,-3386.33
PLTR,2026-07-30,bear,22.4,127.43,122.26,0.77,False,122.29,6.72,108.86,130.69,2026-08-04,130.69,loss,-1.0,102,-856.38,9,5.37,-2990.05
TMUS,2026-07-30,bear,21.4,181.69,172.35,1.26,False,170.52,7.44,155.63,179.82,2026-08-06,178.94,time,-0.905,73,-614.76,5,8.89,-2192.32
ABNB,2026-07-31,bull,86.1,146.45,151.52,1.17,False,153.34,4.35,162.04,147.9,2026-08-07,162.04,win,1.6,81,704.6,9,5.07,4673.11
TMUS,2026-07-31,bear,20.1,180.78,171.72,1.26,False,174.18,7.19,159.81,183.17,2026-08-07,176.17,time,-0.221,71,-141.18,5,9.09,-1012.83
SNOW,2026-08-03,bull,91.3,273.32,307.53,2.33,False,305.0,14.67,334.33,286.67,2026-08-10,334.33,win,1.6,40,1173.26,4,11.31,8006.97
ABNB,2026-08-03,bull,85.0,146.83,150.64,0.87,False,149.75,4.36,158.48,144.3,2026-08-07,158.48,win,1.6,83,724.42,10,4.95,5367.82
TMUS,2026-08-03,bear,20.4,180.35,176.07,0.61,False,174.21,7.04,160.13,183.02,2026-08-10,177.18,time,-0.337,71,-210.36,5,9.04,-1214.88
V,2026-08-04,bull,92.0,357.65,368.9,1.35,False,371.61,8.36,388.33,361.16,2026-08-07,361.16,loss,-1.0,33,-344.82,6,7.17,-2824.93
XLF,2026-08-04,bull,91.5,56.32,57.88,2.19,False,58.18,0.72,59.61,57.29,2026-08-11,57.8,time,-0.425,214,-81.32,71,0.7,-1986.9
RSP,2026-08-04,bull,88.7,214.63,220.23,2.4,False,220.82,2.33,225.48,217.91,2026-08-11,220.69,time,-0.045,56,-7.28,19,2.52,-800.01
SCHW,2026-08-05,bull,94.5,102.47,107.71,2.35,False,108.28,2.23,112.75,105.5,2026-08-12,109.02,time,0.265,115,84.85,23,2.15,287.38
JPM,2026-08-05,bull,91.4,346.91,359.24,1.7,False,362.81,7.26,377.33,353.74,2026-08-07,353.74,loss,-1.0,34,-308.54,6,7.72,-2548.77
XLI,2026-08-05,bull,85.5,181.46,186.35,1.55,False,186.7,3.15,192.99,182.77,2026-08-12,185.88,time,-0.208,66,-54.12,14,3.43,-1225.83
XLI,2026-08-06,bull,83.8,181.76,184.76,0.96,False,185.45,3.13,191.72,181.53,2026-08-13,185.79,time,0.087,67,22.78,14,3.4,-385.78
DE,2026-08-07,bull,84.8,608.24,620.83,0.71,False,621.12,17.69,656.5,599.0,2026-08-14,608.85,time,-0.555,20,-245.4,2,19.19,-1642.01
APD,2026-08-07,bull,84.6,295.97,303.44,1.01,True,303.99,7.38,318.74,294.77,2026-08-14,308.97,time,0.54,41,204.18,8,5.81,1797.43
XLI,2026-08-07,bull,83.5,182.07,185.18,1.02,False,185.93,3.04,192.02,182.13,2026-08-14,186.51,time,0.152,67,38.86,14,3.36,-192.28
XLV,2026-08-10,bull,89.4,162.85,168.44,1.92,False,168.28,2.91,174.1,164.64,2026-08-17,167.05,time,-0.338,74,-91.02,17,2.92,-1690.04
CVX,2026-08-10,bull,86.2,186.73,193.22,1.39,False,192.57,4.66,201.89,186.74,2026-08-17,201.89,win,1.6,64,596.75,9,5.36,5040.82
APD,2026-08-10,bull,86.1,297.08,308.18,1.51,False,307.98,7.34,322.66,298.8,2026-08-17,300.86,time,-0.776,40,-284.8,8,5.79,-2950.41
JPM,2026-08-11,bull,91.2,350.79,362.04,1.67,False,362.97,6.74,376.45,354.54,2026-08-18,363.25,time,0.033,34,9.52,7,7.07,-559.74
XLV,2026-08-11,bull,88.6,163.32,168.01,1.65,False,166.42,2.85,172.11,162.86,2026-08-18,169.73,time,0.93,75,248.25,17,2.89,2913.99
COP,2026-08-11,bull,88.5,116.69,125.09,2.37,False,124.17,3.55,131.26,119.74,2026-08-18,129.72,time,1.252,100,554.82,13,3.78,4075.6
APD,2026-08-11,bull,86.5,298.19,309.31,1.56,False,308.37,7.12,322.61,299.47,2026-08-18,303.23,time,-0.577,40,-205.6,8,5.71,-2422.55
CVX,2026-08-11,bull,86.3,187.48,194.96,1.64,False,193.53,4.56,202.65,187.83,2026-08-18,202.65,win,1.6,64,583.56,9,5.39,4883.49
XLE,2026-08-11,bull,85.2,58.23,60.93,2.0,False,60.47,1.35,63.16,58.79,2026-08-18,63.16,win,1.6,206,554.33,33,1.49,5413.21
XOP,2026-08-11,bull,84.3,170.11,178.37,1.65,False,177.85,4.99,187.84,171.61,2026-08-18,185.35,time,1.201,70,525.0,8,6.21,3149.16
XLV,2026-08-12,bull,88.7,163.79,168.44,1.62,False,169.49,2.86,175.22,165.91,2026-08-17,165.91,loss,-1.0,73,-261.32,18,2.7,-3022.88
XOM,2026-08-12,bull,88.1,152.54,158.72,1.61,False,157.01,3.83,164.67,152.23,2026-08-18,164.67,win,1.6,79,604.98,12,3.91,5851.84
CVX,2026-08-12,bull,85.8,188.16,194.9,1.52,False,193.31,4.43,202.18,187.77,2026-08-18,202.18,win,1.6,64,567.61,9,5.35,4823.71
XLE,2026-08-12,bull,84.9,58.49,61.03,1.94,False,60.52,1.31,63.14,58.88,2026-08-18,63.14,win,1.6,206,539.31,33,1.49,5326.91
XOP,2026-08-12,bull,84.1,170.88,178.58,1.6,False,176.62,4.8,186.23,170.62,2026-08-19,186.23,win,1.6,70,672.44,8,6.15,4439.44
SBUX,2026-08-12,bull,84.0,104.51,107.87,1.17,False,108.55,2.87,114.29,104.96,2026-08-19,104.96,loss,-1.0,115,-412.75,23,2.12,-3683.43
XLI,2026-08-12,bull,82.2,182.91,185.88,0.99,False,186.48,3.02,192.51,182.71,2026-08-19,182.71,loss,-1.0,67,-252.54,14,3.38,-2850.78
MDLZ,2026-08-13,bull,86.8,61.84,63.53,1.06,False,63.43,1.59,66.62,61.44,2026-08-20,64.14,time,0.357,197,139.87,30,1.66,546.39
MRK,2026-08-13,bull,86.4,128.54,134.75,1.85,False,133.64,3.35,140.34,129.45,2026-08-19,140.34,win,1.6,93,623.42,18,2.7,8289.57
APD,2026-08-13,bull,86.1,299.34,305.52,0.9,False,305.91,6.9,319.7,297.29,2026-08-20,300.33,time,-0.647,40,-223.2,8,5.59,-2523.56
CVX,2026-08-13,bull,85.5,188.87,195.99,1.61,False,197.15,4.43,206.0,191.62,2026-08-19,206.0,win,1.6,63,557.67,9,5.38,4804.88
XLE,2026-08-13,bull,84.4,58.72,61.06,1.83,False,61.37,1.28,63.93,59.77,2026-08-19,63.93,win,1.6,203,519.31,32,1.52,4982.44
SBUX,2026-08-13,bull,84.1,104.82,107.93,1.1,False,107.62,2.81,113.25,104.1,2026-08-20,104.1,loss,-1.0,116,-407.99,27,1.81,-3950.04
XOP,2026-08-13,bull,83.8,171.64,179.17,1.58,False,179.87,4.76,189.38,173.93,2026-08-20,189.38,win,1.6,69,656.29,8,6.15,4379.69
MRK,2026-08-14,bull,86.9,129.13,135.04,1.79,False,134.16,3.3,140.75,130.04,2026-08-19,140.75,win,1.6,93,613.03,21,2.34,9984.42
APD,2026-08-14,bull,86.7,300.22,308.97,1.29,False,307.89,6.76,321.42,299.43,2026-08-20,299.43,loss,-1.0,40,-338.21,7,6.42,-2868.62
MDLZ,2026-08-14,bull,86.5,62.0,63.61,1.07,False,62.96,1.51,65.99,61.07,2026-08-21,64.45,time,0.788,198,295.02,29,1.71,1962.08
XLE,2026-08-14,bull,85.7,59.01,61.91,2.3,False,62.22,1.26,64.75,60.64,2026-08-21,63.64,time,0.899,200,284.0,32,1.54,2117.01
CVX,2026-08-14,bull,85.5,189.72,198.27,1.95,False,198.99,4.39,207.78,193.5,2026-08-20,207.78,win,1.6,62,544.57,9,5.43,4739.74
XLP,2026-08-14,bull,84.6,85.14,86.09,0.74,False,85.36,1.29,87.94,83.75,2026-08-21,85.99,time,0.391,146,91.98,34,1.44,561.58
XOP,2026-08-14,bull,83.9,172.44,180.49,1.73,False,181.39,4.64,190.68,175.58,2026-08-20,190.68,win,1.6,68,631.71,7,6.25,3792.48
SBUX,2026-08-14,bull,81.9,105.08,107.69,0.96,False,106.46,2.71,111.87,103.08,2026-08-20,103.08,loss,-1.0,117,-395.97,28,1.77,-3883.13
XOM,2026-08-17,bull,90.7,154.27,161.46,1.98,False,164.35,3.63,171.61,159.81,2026-08-24,164.05,time,-0.066,76,-22.8,11,4.18,-780.18
OXY,2026-08-17,bull,87.2,56.34,58.77,1.48,False,59.7,1.64,62.98,57.64,2026-08-24,59.84,time,0.068,209,29.13,22,2.18,-463.57
MRK,2026-08-17,bull,87.0,129.68,135.17,1.69,False,136.43,3.25,142.93,132.38,2026-08-19,142.93,win,1.6,91,590.87,21,2.37,9849.19
CVX,2026-08-17,bull,86.6,190.74,200.95,2.34,False,203.26,4.35,211.96,197.81,2026-08-24,203.09,time,-0.031,61,-10.13,8,5.61,-661.06
SBUX,2026-08-17,bull,83.5,105.34,107.92,0.98,False,109.07,2.64,114.35,105.77,2026-08-19,105.77,loss,-1.0,114,-376.05,25,1.95,-3403.54
META,2026-08-17,bear,20.1,592.91,568.97,1.09,False,557.48,21.9,513.68,584.86,2026-08-24,559.02,time,-0.056,22,-33.88,1,25.16,-383.27
TLT,2026-08-17,bear,13.2,82.38,81.04,2.21,False,80.95,0.61,79.73,81.71,2026-08-19,81.71,loss,-1.0,154,-117.14,74,0.67,-2331.34
XOM,2026-08-18,bull,92.1,155.3,165.56,2.81,False,166.07,3.65,173.37,161.51,2026-08-25,161.51,loss,-1.0,75,-342.36,11,4.18,-2721.67
MRK,2026-08-18,bull,85.4,130.11,134.38,1.32,False,146.08,3.24,152.55,142.03,2026-08-19,152.55,win,1.6,85,550.3,7,6.36,2661.09
META,2026-08-18,bear,17.3,588.43,543.67,2.02,False,541.34,22.18,496.99,569.06,2026-08-25,569.06,loss,-1.0,23,-637.55,2,24.29,-2687.44
VZ,2026-08-19,bull,92.4,47.03,49.36,2.06,False,49.28,1.13,51.54,47.87,2026-08-26,50.19,time,0.645,253,230.23,35,1.41,1211.87
TMO,2026-08-19,bull,91.8,578.22,613.07,2.26,False,609.38,15.43,640.25,590.09,2026-08-25,640.25,win,1.6,20,617.36,3,15.54,5921.92
MDLZ,2026-08-19,bull,87.3,62.26,64.16,1.27,False,63.81,1.5,66.81,61.94,2026-08-26,63.01,time,-0.427,195,-156.0,29,1.72,-1773.19
JNJ,2026-08-19,bull,87.2,259.62,272.07,2.12,False,272.06,5.87,283.79,264.73,2026-08-26,270.0,time,-0.281,45,-92.62,7,6.26,-1294.26
LLY,2026-08-19,bull,85.9,1195.59,1280.34,2.01,False,1274.13,42.21,1358.55,1221.37,2026-08-26,1221.37,loss,-1.0,9,-474.85,0,50.29,-0.0
XLP,2026-08-19,bull,85.6,85.27,86.54,0.95,False,85.2,1.34,87.88,83.53,2026-08-26,86.27,time,0.639,146,156.22,33,1.47,1455.71
META,2026-08-19,bear,16.8,584.58,546.03,1.77,False,546.95,21.79,503.37,574.19,2026-08-26,574.19,loss,-1.0,22,-599.24,2,23.99,-2647.61
MDLZ,2026-08-20,bull,87.1,62.43,64.14,1.16,False,64.24,1.47,67.19,62.4,2026-08-27,62.4,loss,-1.0,194,-357.34,28,1.73,-2823.16
LLY,2026-08-20,bull,83.0,1200.03,1244.4,1.06,False,1232.0,41.84,1315.69,1179.69,2026-08-27,1179.69,loss,-1.0,10,-523.06,1,48.64,-2854.04
META,2026-08-20,bear,16.6,581.05,545.83,1.68,False,546.89,21.0,504.89,573.14,2026-08-26,573.14,loss,-1.0,22,-577.44,2,23.96,-2472.7
KO,2026-08-21,bull,93.5,86.86,90.56,2.3,False,91.57,1.61,94.79,89.57,2026-08-26,89.57,loss,-1.0,136,-273.0,25,1.96,-2561.92
UNP,2026-08-21,bull,88.8,295.21,306.63,1.8,False,307.07,6.34,319.75,299.15,2026-08-28,305.99,time,-0.137,40,-43.4,9,5.22,-1131.97
MDLZ,2026-08-21,bull,87.2,62.62,64.45,1.29,False,64.73,1.42,67.58,62.95,2026-08-25,62.95,loss,-1.0,193,-343.29,28,1.74,-2426.72
XLB,2026-08-21,bull,86.5,52.19,53.54,1.56,False,54.01,0.87,55.75,52.92,2026-08-28,52.92,loss,-1.0,231,-251.28,46,1.07,-2804.75
JNJ,2026-08-21,bull,85.0,261.0,268.91,1.35,False,268.42,5.86,280.13,261.09,2026-08-28,268.04,time,-0.051,46,-17.3,8,6.1,-805.51
XLP,2026-08-21,bull,84.1,85.34,85.99,0.5,True,86.45,1.31,89.07,84.81,2026-08-28,85.45,time,-0.611,144,-144.0,33,1.5,-2194.96
LLY,2026-08-21,bull,83.1,1205.06,1255.4,1.2,False,1262.14,41.8,1345.74,1209.89,2026-08-26,1209.89,loss,-1.0,9,-470.25,1,49.99,-2649.75
SBUX,2026-08-21,bull,81.5,105.41,107.08,0.59,True,107.22,2.85,112.92,103.66,2026-08-28,107.85,time,0.177,116,73.08,22,2.24,107.17
VZ,2026-08-24,bull,93.4,47.68,50.15,2.39,False,50.0,1.03,52.07,48.71,2026-08-31,50.02,time,0.015,250,5.0,48,1.02,-605.13
MA,2026-08-24,bull,93.3,566.83,599.86,2.88,False,596.87,11.45,619.78,582.55,2026-08-31,589.31,time,-0.528,20,-151.2,4,12.31,-2069.71
KO,2026-08-24,bull,93.3,87.28,91.44,2.61,False,91.03,1.6,94.22,89.03,2026-08-27,89.03,loss,-1.0,137,-273.28,39,1.27,-3424.88
UNP,2026-08-24,bull,89.3,296.41,308.43,1.91,False,306.55,6.28,319.1,298.7,2026-08-31,300.67,time,-0.749,40,-235.1,10,4.8,-3065.17
DE,2026-08-24,bull,88.3,613.67,648.64,1.7,False,652.07,20.53,693.14,626.4,2026-08-27,626.4,loss,-1.0,19,-487.67,1,25.86,-1323.59
MDLZ,2026-08-24,bull,87.0,62.81,64.7,1.34,False,64.38,1.41,67.21,62.61,2026-08-27,62.61,loss,-1.0,194,-342.56,28,1.74,-2527.13
XLP,2026-08-24,bull,86.9,85.53,87.45,1.45,False,86.86,1.32,89.5,85.21,2026-08-27,85.21,loss,-1.0,143,-236.12,35,1.42,-2844.12
XLB,2026-08-24,bull,86.9,52.31,53.58,1.45,False,53.48,0.87,55.23,52.39,2026-08-31,52.69,time,-0.724,233,-184.07,49,1.01,-2412.84
LLY,2026-08-24,bull,81.9,1208.87,1246.93,0.93,False,1249.0,41.04,1331.08,1197.7,2026-08-26,1197.7,loss,-1.0,10,-513.01,1,49.13,-2490.51
MA,2026-08-25,bull,92.7,569.79,599.37,2.68,False,599.37,11.05,621.47,585.56,2026-09-01,585.56,loss,-1.0,20,-276.3,4,12.4,-2977.82
V,2026-08-25,bull,91.4,366.25,384.14,2.53,False,384.14,7.08,398.3,375.29,2026-09-01,375.29,loss,-1.0,32,-283.3,6,7.3,-2766.27
XLB,2026-08-25,bull,86.5,52.43,53.58,1.34,False,53.59,0.86,55.3,52.52,2026-09-01,52.52,loss,-1.0,233,-249.52,50,0.98,-2920.07
XLP,2026-08-25,bull,84.6,85.62,86.52,0.68,False,86.62,1.31,89.25,84.98,2026-08-31,84.98,loss,-1.0,144,-236.34,35,1.41,-2943.37
DE,2026-08-26,bull,85.4,616.97,634.54,0.87,False,628.82,20.09,669.0,603.7,2026-09-01,669.0,win,1.6,19,763.51,2,22.7,4947.82
SBUX,2026-08-26,bull,83.0,105.87,108.49,0.94,True,108.57,2.78,114.13,105.1,2026-09-02,106.72,time,-0.533,115,-212.75,20,2.5,-2344.17
MCD,2026-08-27,bear,19.0,267.4,258.22,1.76,False,259.49,5.23,249.03,266.02,2026-09-03,259.63,time,-0.022,48,-6.93,9,5.01,-602.9
MSFT,2026-08-28,bull,94.3,480.01,513.53,2.78,False,510.38,12.05,534.48,495.32,2026-09-02,495.32,loss,-1.0,24,-361.54,4,11.23,-2797.79
APD,2026-08-28,bull,84.5,303.05,308.09,0.81,False,309.96,6.24,322.44,302.16,2026-09-04,302.16,loss,-1.0,40,-312.0,8,5.63,-3067.76
SBUX,2026-08-28,bull,82.5,106.17,107.85,0.64,False,107.52,2.63,112.78,104.23,2026-09-04,104.47,time,-0.928,116,-353.8,20,2.43,-3122.46
MCD,2026-08-28,bear,20.5,267.01,263.13,0.74,False,263.13,5.21,252.7,269.65,2026-09-04,255.69,time,1.142,47,349.67,10,4.8,3921.06
DE,2026-08-31,bull,88.8,621.95,654.91,1.65,False,655.34,20.02,695.37,630.32,2026-09-02,695.37,win,1.6,19,760.63,1,25.11,2498.21
NVDA,2026-08-31,bull,85.0,215.72,220.53,0.64,False,216.51,7.48,231.46,207.16,2026-09-04,231.46,win,1.6,57,852.54,5,9.62,4429.32
APD,2026-08-31,bull,84.6,303.63,309.46,0.92,False,308.0,6.32,320.63,300.11,2026-09-08,300.11,loss,-1.0,40,-315.78,8,5.85,-3138.03
LOW,2026-08-31,bear,20.3,213.31,204.7,1.63,False,203.75,5.29,193.16,210.37,2026-09-08,200.8,time,0.446,61,179.95,12,4.16,1294.82
MCD,2026-08-31,bear,20.0,266.52,261.68,0.96,False,262.75,5.03,252.69,269.04,2026-09-08,255.81,time,1.103,47,326.18,10,4.67,3597.07
MCD,2026-09-01,bear,18.5,266.03,261.11,1.0,False,261.96,4.94,252.08,268.13,2026-09-09,253.48,time,1.373,47,398.56,11,4.22,5395.79
NVDA,2026-09-02,bull,86.3,216.61,224.16,1.0,False,225.77,7.58,240.92,216.3,2026-09-10,218.36,time,-0.782,55,-407.41,4,10.07,-1878.57
COST,2026-09-02,bear,20.4,947.21,928.48,1.06,False,927.79,17.65,892.48,949.86,2026-09-10,902.38,time,1.151,13,330.33,3,16.15,4035.91
APD,2026-09-02,bull,84.3,304.3,309.45,0.79,False,311.1,6.53,324.17,302.93,2026-09-03,302.93,loss,-1.0,40,-326.73,8,6.17,-2841.24
MCD,2026-09-02,bear,18.9,265.57,260.95,0.93,False,261.57,4.96,251.66,267.77,2026-09-10,253.05,time,1.375,47,400.44,12,4.11,5973.4
NVDA,2026-09-03,bull,87.5,217.67,228.19,1.41,False,230.83,7.46,245.76,221.5,2026-09-10,221.5,loss,-1.0,54,-503.75,4,10.17,-2072.52
COST,2026-09-03,bear,19.2,945.23,925.41,1.13,False,926.09,17.5,891.1,947.96,2026-09-11,904.77,time,0.975,13,277.16,3,16.37,3147.12
NVDA,2026-09-04,bull,87.8,218.8,230.1,1.53,False,232.85,7.38,247.61,223.62,2026-09-09,223.62,loss,-1.0,53,-488.97,4,10.1,-1862.16
XLY,2026-09-04,bear,19.6,116.49,114.91,0.95,False,114.47,1.66,111.15,116.54,2026-09-10,111.15,win,1.6,109,361.86,30,1.67,5870.15
COST,2026-09-04,bear,17.1,942.55,915.74,1.56,False,912.4,17.21,877.99,933.91,2026-09-14,918.91,time,-0.303,13,-84.63,3,16.02,-1431.58
XLY,2026-09-08,bear,17.2,116.26,113.99,1.4,False,112.96,1.62,109.71,114.99,2026-09-15,110.88,time,1.024,110,228.8,29,1.69,2886.02
COST,2026-09-08,bear,15.4,939.61,910.18,1.77,False,907.0,16.67,873.66,927.84,2026-09-15,901.35,time,0.271,13,73.45,3,15.91,284.45
OXY,2026-09-09,bull,86.0,59.22,61.02,1.24,False,62.09,1.46,65.0,60.27,2026-09-10,60.27,loss,-1.0,201,-366.03,38,1.31,-2961.49
PEP,2026-09-09,bear,21.4,138.71,136.69,0.88,False,137.5,2.31,132.88,140.39,2026-09-16,134.34,time,1.095,90,284.4,24,2.07,3950.94
PEP,2026-09-10,bear,21.0,138.52,136.65,0.84,False,137.31,2.24,132.84,140.11,2026-09-17,133.66,time,1.305,91,332.15,25,1.96,5108.49
XLU,2026-09-10,bear,16.1,43.27,42.52,1.15,False,42.89,0.65,41.59,43.7,2026-09-15,41.59,win,1.6,291,377.23,96,0.52,7797.99
OXY,2026-09-11,bull,85.5,59.58,61.46,1.29,False,62.54,1.46,65.45,60.72,2026-09-16,60.72,loss,-1.0,199,-362.45,40,1.25,-3278.35
PEP,2026-09-11,bear,20.4,138.32,136.32,0.92,False,138.0,2.18,133.64,140.73,2026-09-17,133.64,win,1.6,90,392.42,25,1.97,6560.59
TLT,2026-09-11,bear,17.0,81.99,80.87,1.7,False,80.82,0.66,79.5,81.64,2026-09-17,81.64,loss,-1.0,154,-126.9,70,0.71,-2593.7
XLU,2026-09-11,bear,15.9,43.19,42.39,1.23,False,42.38,0.65,41.08,43.19,2026-09-18,41.08,win,1.6,294,380.78,95,0.52,7597.02
VZ,2026-09-14,bull,90.4,49.62,51.29,1.8,False,51.11,0.93,52.96,49.95,2026-09-16,49.95,loss,-1.0,244,-282.65,65,0.77,-3258.79
XOM,2026-09-14,bull,85.8,161.49,165.08,0.98,False,165.36,3.68,172.71,160.76,2026-09-18,163.54,time,-0.396,75,-136.5,12,4.03,-1562.09
OXY,2026-09-14,bull,85.4,59.78,61.78,1.37,False,62.11,1.46,65.03,60.28,2026-09-16,60.28,loss,-1.0,201,-367.04,37,1.34,-3013.43
TLT,2026-09-14,bear,16.4,81.9,80.93,1.43,False,80.63,0.68,79.28,81.48,2026-09-16,81.48,loss,-1.0,155,-131.05,73,0.68,-2489.66
XLU,2026-09-14,bear,14.5,43.06,41.82,1.91,False,41.92,0.65,40.62,42.73,2026-09-18,41.1,time,1.007,298,244.36,94,0.53,4101.98
COP,2026-09-15,bull,91.3,133.19,141.22,2.47,False,138.42,3.26,144.93,134.35,2026-09-16,134.35,loss,-1.0,90,-366.44,11,4.52,-2143.64
VZ,2026-09-15,bull,89.9,49.79,51.45,1.85,False,51.25,0.9,53.05,50.12,2026-09-16,50.12,loss,-1.0,243,-273.43,49,1.0,-2511.0
XLE,2026-09-15,bull,89.6,63.68,65.93,1.76,False,65.22,1.28,67.77,63.63,2026-09-17,63.63,loss,-1.0,191,-304.51,38,1.28,-2790.81
BRK-B,2026-09-15,bull,88.8,507.55,516.76,1.54,False,516.36,5.97,528.29,508.9,2026-09-17,508.9,loss,-1.0,24,-178.95,9,5.07,-2992.69
XOM,2026-09-15,bull,87.8,162.2,169.32,1.9,False,167.23,3.74,174.71,162.56,2026-09-17,162.56,loss,-1.0,74,-345.92,11,4.4,-2476.35
OXY,2026-09-15,bull,87.3,60.12,63.52,2.26,False,62.4,1.5,65.41,60.52,2026-09-16,60.52,loss,-1.0,200,-375.99,24,2.04,-2148.08
PEP,2026-09-15,bear,19.4,137.9,135.5,1.11,False,135.42,2.17,131.08,138.13,2026-09-18,131.08,win,1.6,92,399.23,29,1.69,7954.74
BA,2026-09-16,bear,17.9,211.49,201.96,1.7,True,202.25,5.6,191.06,209.24,2026-09-18,198.2,time,0.579,61,247.05,10,4.57,1989.12
PG,2026-09-17,bull,86.2,145.67,147.55,0.79,False,146.44,2.38,151.19,143.47,2026-09-18,146.39,time,-0.017,85,-4.25,22,2.26,-188.08
BA,2026-09-17,bear,16.2,210.18,197.0,2.32,False,196.83,5.67,185.49,203.92,2026-09-18,198.2,time,-0.193,63,-86.31,12,4.13,-846.49
